,precision_micro,recall_micro,f1_micro,precision_mean,recall_mean,f1_mean,precision_sd,recall_sd,f1_sd,FRIP,N_cells_removed,N_reads_removed,Ncells,Ncells_with_edits,Nedits,Nnonpeakpairs,Npeakpairs,Nreadpairs,sampling_type,seed,value,cell_line,by
SKNSH,1.0,1.0,1.0,1.0,1.0,1.0,0.0,0.0,0.0,0.285,,,60714.0,0.0,0.0,697233715.0,278451402.0,975685117.0,baseline,,,SKNSH,file
SKNSH_c1000,0.9233169843253279,0.6441485087335042,0.7588725380880244,0.891051274296431,0.5564717194494871,0.6753800021782795,0.09372138748159232,0.13233425653836228,0.1269624587526146,0.2846666666666666,59714.0,959398045.3333334,1000.0,0.0,0.0,11646977.0,4640094.666666667,16287071.666666666,cells,,1000.0,SKNSH,condition
SKNSH_c10000,0.9249084708934459,0.8131379793324606,0.8654293502823466,0.9090426248325708,0.7704538096756154,0.8332314937562185,0.023591909054598296,0.06486493739284459,0.0471222326673942,0.285,50714.0,814632622.6666666,10000.0,0.0,0.0,115122193.66666667,45930300.666666664,161052494.33333334,cells,,10000.0,SKNSH,condition
SKNSH_c10000_s1,0.9248952277245486,0.8134491345001515,0.8655997497906625,0.9092821838602759,0.7705011113401394,0.833333828738117,0.02362157573148191,0.06549346848029244,0.04743165799613336,0.285,50714.0,815347143.0,10000.0,0.0,0.0,114631592.0,45706382.0,160337974.0,cells,1.0,10000.0,SKNSH,file
SKNSH_c10000_s19,0.9253003598612862,0.8125347419296326,0.8652589515915314,0.9091348591208328,0.7700115388001731,0.8330439334275367,0.02358140498653076,0.06410231716757625,0.04673602317867742,0.285,50714.0,814308761.0,10000.0,0.0,0.0,115341634.0,46034722.0,161376356.0,cells,19.0,10000.0,SKNSH,file
SKNSH_c10000_s37,0.9245313150058424,0.8134305017917092,0.8654297973854205,0.9087108315166036,0.7708487788865335,0.8333167191030022,0.0235970763331187,0.065065677037582,0.047251775949685146,0.285,50714.0,814241964.0,10000.0,0.0,0.0,115393355.0,46049798.0,161443153.0,cells,37.0,10000.0,SKNSH,file
SKNSH_c1000_s42,0.9228072199574392,0.6421253573706441,0.7572951378021614,0.8935337401567497,0.554002853877959,0.6741241901762446,0.08612257714644672,0.130328024724411,0.12169438634374044,0.284,59714.0,959446328.0,1000.0,0.0,0.0,11622297.0,4616492.0,16238789.0,cells,42.0,1000.0,SKNSH,file
SKNSH_c1000_s78,0.9221041599585835,0.6421012832969168,0.757041559976364,0.8890627444851553,0.5512406203663517,0.6698911949335365,0.0910971292599795,0.13520223900803027,0.1340676304748244,0.284,59714.0,959423968.0,1000.0,0.0,0.0,11638686.0,4622463.0,16261149.0,cells,78.0,1000.0,SKNSH,file
SKNSH_c1000_s94,0.9249477678249802,0.6480151085612377,0.7621033365486879,0.8905348028769831,0.5641716841041508,0.6821246214250578,0.10317524034006795,0.13122828741387643,0.12464284341469135,0.286,59714.0,959323840.0,1000.0,0.0,0.0,11679948.0,4681329.0,16361277.0,cells,94.0,1000.0,SKNSH,file
SKNSH_c20000,0.9139827374720697,0.8337246582871731,0.8720108953343902,0.8966451771338483,0.8028321295966689,0.8468585086025703,0.02628741874159511,0.05049172907309527,0.03923153050283893,0.28533333333333327,40714.0,654667578.3333334,20000.0,0.0,0.0,229438131.33333334,91579407.33333333,321017538.6666667,cells,,20000.0,SKNSH,condition
SKNSH_c20000_s36,0.9139060753643676,0.8342747570022399,0.8722767746118234,0.8963248494439892,0.8030257314988126,0.8468285014531517,0.026356657775583152,0.05051394540890624,0.039295309083221354,0.286,40714.0,656729670.0,20000.0,0.0,0.0,227882895.0,91072552.0,318955447.0,cells,36.0,20000.0,SKNSH,file
SKNSH_c20000_s65,0.9135925100242106,0.8334834311909997,0.8717013405103919,0.8966159915264381,0.8026479008002364,0.846732936857025,0.025911031849365742,0.05053237628622113,0.039066981792574236,0.285,40714.0,654080029.0,20000.0,0.0,0.0,229972330.0,91632758.0,321605088.0,cells,65.0,20000.0,SKNSH,file
SKNSH_c20000_s79,0.9144499679479623,0.8334181721072621,0.8720557384227574,0.8969946904311178,0.8028227564909577,0.8470140874975342,0.02661671631881155,0.050488244379716676,0.039377813639690076,0.285,40714.0,653193036.0,20000.0,0.0,0.0,230459169.0,92032912.0,322492081.0,cells,79.0,20000.0,SKNSH,file
SKNSH_c2500,0.9320485476688365,0.7550562556588064,0.8342683692287363,0.9150899619742531,0.688992569579521,0.7839025287244602,0.031759723677307415,0.08579457118897604,0.06447821997467872,0.285,58214.0,935534685.3333334,2500.0,0.0,0.0,28702445.0,11447986.666666666,40150431.666666664,cells,,2500.0,SKNSH,condition
SKNSH_c2500_s15,0.9328063444985332,0.7562505292628793,0.8353008151298446,0.9174686233587379,0.6896928066164187,0.7851684391697094,0.030155142037296887,0.08648250890613007,0.06452930886457914,0.285,58214.0,935132368.0,2500.0,0.0,0.0,28977844.0,11574905.0,40552749.0,cells,15.0,2500.0,SKNSH,file
SKNSH_c2500_s41,0.9311919672486644,0.753643876065135,0.8330629079895404,0.9139401153224964,0.6857857394596039,0.7812506251120224,0.03285284666798312,0.08738508343124685,0.06583938135498302,0.285,58214.0,935909556.0,2500.0,0.0,0.0,28426168.0,11349393.0,39775561.0,cells,41.0,2500.0,SKNSH,file
SKNSH_c2500_s62,0.9321321618998926,0.7552522784531881,0.8344215132706579,0.9138611472415248,0.6914991626625407,0.785288521891649,0.032113850089493114,0.08346973267917795,0.06303012546700164,0.285,58214.0,935562132.0,2500.0,0.0,0.0,28703323.0,11419662.0,40122985.0,cells,62.0,2500.0,SKNSH,file
SKNSH_c30000,0.908010988894972,0.8475478509693446,0.8767382155689665,0.8918172622860886,0.8228094046083726,0.8557959049856453,0.027545067368224995,0.04265501369481835,0.035312777651483274,0.28533333333333327,30714.0,494282034.3333333,30000.0,0.0,0.0,344043287.0,137359795.66666666,481403082.6666667,cells,,30000.0,SKNSH,condition
SKNSH_c30000_s41,0.9082832004191309,0.8470874314297557,0.8766186118124301,0.8920426298470485,0.82254052544178,0.8557589365575804,0.027731328396668108,0.04255697277784542,0.03536850635625166,0.285,30714.0,494175432.0,30000.0,0.0,0.0,344207333.0,137302352.0,481509685.0,cells,41.0,30000.0,SKNSH,file
SKNSH_c30000_s46,0.9077290876264549,0.8482151284238024,0.8769635590895759,0.8917925182927996,0.8235834873262968,0.8562010114056057,0.027245224449107548,0.042574716918087445,0.035108834446923386,0.286,30714.0,494596530.0,30000.0,0.0,0.0,343711839.0,137376748.0,481088587.0,cells,46.0,30000.0,SKNSH,file
SKNSH_c30000_s87,0.9080212320673654,0.847340926010993,0.8766322642615136,0.8916166387184173,0.8223042010570409,0.8554277669937493,0.027687147181649146,0.042872512377700976,0.03549764732632842,0.285,30714.0,494074141.0,30000.0,0.0,0.0,344210689.0,137400287.0,481610976.0,cells,87.0,30000.0,SKNSH,file
SKNSH_c40000,0.9103403672757379,0.869787908045625,0.8896022321979099,0.896030155363786,0.8502046346022477,0.8724561096353105,0.02641863953457193,0.035899556502779234,0.03107112043661336,0.28533333333333327,20714.0,333455446.3333333,40000.0,0.0,0.0,458921649.6666667,183308021.0,642229670.6666666,cells,,40000.0,SKNSH,condition
SKNSH_c40000_s10,0.9103229271436523,0.8700339339911077,0.8897225660705815,0.8962583542448616,0.850216371623527,0.8725710460763924,0.026262578107959546,0.03568194359957479,0.030882142123542976,0.286,20714.0,333545325.0,40000.0,0.0,0.0,458749364.0,183390428.0,642139792.0,cells,10.0,40000.0,SKNSH,file
SKNSH_c40000_s70,0.9103578291415859,0.8695417243024222,0.8894817855898589,0.8958019564827108,0.8501928975809683,0.8723411731942287,0.02658745256168275,0.03613708896710883,0.03127691159651567,0.285,20714.0,334334693.0,40000.0,0.0,0.0,458300250.0,183050174.0,641350424.0,cells,70.0,40000.0,SKNSH,file
SKNSH_c5000,0.9301566182338186,0.7898371272637186,0.8542731427649678,0.9139123194221489,0.7343985099261156,0.812944947710741,0.02525574285500781,0.0769485070148082,0.05577409465861367,0.2856666666666667,55714.0,895783243.3333334,5000.0,0.0,0.0,57062846.0,22839027.666666668,79901873.66666667,cells,,5000.0,SKNSH,condition
SKNSH_c50000,0.9272695656981269,0.9064864580529892,0.9167602378756925,0.916439966375117,0.8929439175956159,0.9045160114896876,0.02086618442697867,0.025430996094882224,0.022899223700875247,0.285,10714.0,171291312.0,50000.0,0.0,0.0,574826960.6666666,229566844.33333334,804393805.0,cells,,50000.0,SKNSH,condition
SKNSH_c50000_s23,0.927431221572369,0.9064713653594493,0.9168315173186926,0.9166489577121992,0.8930352741137245,0.9046627490317485,0.020560175562613817,0.0254701857318071,0.02275050578289584,0.285,10714.0,171347455.0,50000.0,0.0,0.0,574699693.0,229637969.0,804337662.0,cells,23.0,50000.0,SKNSH,file
SKNSH_c50000_s79,0.927326400641248,0.9071200005125704,0.9171119139767928,0.916554933714858,0.8935918416361427,0.9049055793354464,0.021007325584286272,0.025328650889934506,0.022922878030464017,0.285,10714.0,170069654.0,50000.0,0.0,0.0,575746463.0,229869000.0,805615463.0,cells,79.0,50000.0,SKNSH,file
SKNSH_c50000_s80,0.9270509139603436,0.9058676478538032,0.9163368720962596,0.9161160076982942,0.8922046370369806,0.9039797061018683,0.021048492453518333,0.025504896959834746,0.023040541033640043,0.285,10714.0,172456827.0,50000.0,0.0,0.0,574034726.0,229193564.0,803228290.0,cells,80.0,50000.0,SKNSH,file
SKNSH_c5000_s13,0.9298387569864892,0.7913217876325574,0.8550064312001093,0.9128506271884489,0.7362110885361675,0.8136867163836088,0.026300095153935863,0.07629480654363117,0.055479511992156665,0.286,55714.0,896017335.0,5000.0,0.0,0.0,56877014.0,22790768.0,79667782.0,cells,13.0,5000.0,SKNSH,file
SKNSH_c5000_s15,0.9302739321981526,0.7894327594446443,0.8540860146715631,0.9140375791380382,0.7345056034681595,0.8130991460355091,0.024887022152734528,0.0760977951366306,0.055187754475623255,0.285,55714.0,894842211.0,5000.0,0.0,0.0,57770639.0,23072267.0,80842906.0,cells,15.0,5000.0,SKNSH,file
SKNSH_c5000_s35,0.9303574008616041,0.7887589777563847,0.8537266721193312,0.9148487519399597,0.7324788377740197,0.8120489807131049,0.02453559191288287,0.07847645311858818,0.0566975534130215,0.286,55714.0,896490184.0,5000.0,0.0,0.0,56540885.0,22654048.0,79194933.0,cells,35.0,5000.0,SKNSH,file
SKNSH_c7500,0.9279615112741284,0.8039779468130885,0.861531951445585,0.9119299150566645,0.7568917937521812,0.8261993859442097,0.02372950331672519,0.06925588411565281,0.05002776270051918,0.2856666666666667,53214.0,854593008.6666666,7500.0,0.0,0.0,86505279.66666667,34586828.666666664,121092108.33333333,cells,,7500.0,SKNSH,condition
SKNSH_c7500_s15,0.9275780675579552,0.8037408908982461,0.8612305881077946,0.9114864320848666,0.7564749479074702,0.8257292024317976,0.023732671245954292,0.07001896564586557,0.050472701366926546,0.286,53214.0,854479196.0,7500.0,0.0,0.0,86577967.0,34627954.0,121205921.0,cells,15.0,7500.0,SKNSH,file
SKNSH_c7500_s90,0.928262083508098,0.8046332002830586,0.8620376521776675,0.9121602690932521,0.7577201967140395,0.8268047149200373,0.02384421533448175,0.06899698129268221,0.04990641764268092,0.286,53214.0,855471732.0,7500.0,0.0,0.0,85838674.0,34374711.0,120213385.0,cells,90.0,7500.0,SKNSH,file
SKNSH_c7500_s95,0.9280448792940542,0.803562576779672,0.8613293179778946,0.912143043991875,0.756480236635034,0.826064240480794,0.023633173020308606,0.06882065682658595,0.04975479403101379,0.285,53214.0,853828098.0,7500.0,0.0,0.0,87099198.0,34757821.0,121857019.0,cells,95.0,7500.0,SKNSH,file
SKNSH_f005,0.9805581194911628,0.8654909204816613,0.9194383584053288,0.977282745140185,0.8518144008908958,0.910073048356654,0.007489124552201675,0.02763441013450378,0.018126134532948975,0.05000000000000001,0.0,241754891.0,60714.0,60713.666666666664,241754891.0,697233715.0,36696511.0,733930226.0,frip,,0.05,SKNSH,condition
SKNSH_f005_s4,0.9805304820871712,0.8653480605075456,0.9193455922077534,0.9772683927920959,0.851694214818817,0.9099980950169964,0.0074273888468445485,0.02770590700389964,0.018178442941166096,0.05,0.0,241754891.0,60714.0,60714.0,241754891.0,697233715.0,36696511.0,733930226.0,frip,4.0,0.05,SKNSH,file
SKNSH_f005_s56,0.9804637146137687,0.8656584817655361,0.9194913882551782,0.9772065861924191,0.8517207078556259,0.909984816510933,0.0075851505115857535,0.027732854896795455,0.018183735229907155,0.05,0.0,241754891.0,60714.0,60714.0,241754891.0,697233715.0,36696511.0,733930226.0,frip,56.0,0.05,SKNSH,file
SKNSH_f005_s86,0.9806802360347329,0.865466235307156,0.9194781076110334,0.9773732564360399,0.8520282799982445,0.9102362335420328,0.007461881222646059,0.027495500303446753,0.018036309009960234,0.05,0.0,241754891.0,60714.0,60713.0,241754891.0,697233715.0,36696511.0,733930226.0,frip,86.0,0.05,SKNSH,file
SKNSH_f01,0.9762670021376818,0.8852359680225604,0.9285256897671663,0.9712586274711688,0.8684239220339305,0.9167771716895102,0.009117195732241026,0.031560857580640866,0.02110022926444027,0.10000000000000002,0.0,200980989.0,60714.0,60714.0,200980989.0,697233715.0,77470413.0,774704128.0,frip,,0.1,SKNSH,condition
SKNSH_f01_s10,0.9763544625877665,0.8850099151380829,0.9284408688804875,0.9716909479423733,0.8680666996972031,0.916761652548646,0.008863283250439896,0.031869589313400636,0.02114608344107528,0.1,0.0,200980989.0,60714.0,60714.0,200980989.0,697233715.0,77470413.0,774704128.0,frip,10.0,0.1,SKNSH,file
SKNSH_f01_s26,0.9760886809703133,0.885250751311781,0.928453159256919,0.9707802359496018,0.8686951136440816,0.9167212400417628,0.00919226824640282,0.031280448441983896,0.020990164082879126,0.1,0.0,200980989.0,60714.0,60714.0,200980989.0,697233715.0,77470413.0,774704128.0,frip,26.0,0.1,SKNSH,file
SKNSH_f01_s29,0.97635797843145,0.8854472677704618,0.9286830683624175,0.9713046985215308,0.8685099527605067,0.9168486224781222,0.009278670251160196,0.03156404364373528,0.021188835604186867,0.1,0.0,200980989.0,60714.0,60714.0,200980989.0,697233715.0,77470413.0,774704128.0,frip,29.0,0.1,SKNSH,file
SKNSH_f02,0.9677051311893272,0.9231125741595184,0.9448830229932136,0.961514518416843,0.9106971354367989,0.9353594338481827,0.011952811019113661,0.023896146088338645,0.017925935259339075,0.20000000000000004,0.0,104142973.0,60714.0,60712.333333333336,104142973.0,697233715.0,174308429.0,871542144.0,frip,,0.2,SKNSH,condition
SKNSH_f025,0.9723618182784346,0.9537265638172291,0.9629540413142936,0.9673575900407185,0.9461207795530252,0.9566067429903434,0.009633985344771947,0.014829643217951759,0.01202347748626953,0.25,0.0,46040164.0,60714.0,60693.0,46040164.0,697233715.0,232411238.0,929644953.0,frip,,0.25,SKNSH,condition
SKNSH_f025_s18,0.9724142178907221,0.9537030521971186,0.9629677507226356,0.9674760236328709,0.9459288835192909,0.9565666396617878,0.00947667917050828,0.014994503179302279,0.0120711489271219,0.25,0.0,46040164.0,60714.0,60697.0,46040164.0,697233715.0,232411238.0,929644953.0,frip,18.0,0.25,SKNSH,file
SKNSH_f025_s47,0.9723324446133578,0.9538180670328137,0.9629862746725676,0.9672615763635415,0.9463205068163002,0.9566620522246305,0.009698765060022926,0.014688382713544565,0.011967442071905882,0.25,0.0,46040164.0,60714.0,60686.0,46040164.0,697233715.0,232411238.0,929644953.0,frip,47.0,0.25,SKNSH,file
SKNSH_f025_s74,0.972338789363943,0.9536585759390138,0.962908093126309,0.967335170125743,0.9461129483234847,0.9565915370846115,0.009734718175224519,0.014819513785150692,0.012045705542207626,0.25,0.0,46040164.0,60714.0,60696.0,46040164.0,697233715.0,232411238.0,929644953.0,frip,74.0,0.25,SKNSH,file
SKNSH_f02_s52,0.9676657325037573,0.9230822162990618,0.9448483385231761,0.9614238777362005,0.9102745729741718,0.9350929087270139,0.012085418807000512,0.024093357827131602,0.018083736073106715,0.2,0.0,104142973.0,60714.0,60713.0,104142973.0,697233715.0,174308429.0,871542144.0,frip,52.0,0.2,SKNSH,file
SKNSH_f02_s80,0.9675815602917397,0.9232597347823387,0.9449011898169218,0.9614362266524866,0.911199682624004,0.9355900786035813,0.011969720692585744,0.023567119482828507,0.017760230522907258,0.2,0.0,104142973.0,60714.0,60712.0,104142973.0,697233715.0,174308429.0,871542144.0,frip,80.0,0.2,SKNSH,file
SKNSH_f02_s88,0.9678681775659441,0.9229957567833958,0.9448995295649858,0.9616834508618423,0.9106171507122212,0.9353953142139523,0.011814175551102516,0.024043708857883688,0.01795019749002183,0.2,0.0,104142973.0,60714.0,60712.0,104142973.0,697233715.0,174308429.0,871542144.0,frip,88.0,0.2,SKNSH,file
SKNSH_f035,0.9455485917157486,0.9565280961483463,0.9510066550105769,0.9386093111368318,0.9515756221059829,0.9450342346219012,0.01491172243603543,0.011629473989104352,0.012909361346906827,0.3499999999999999,0.0,180109683.0,60714.0,60714.0,180109683.0,517124032.0,278451402.0,795575434.0,frip,,0.35,SKNSH,condition
SKNSH_f035_s44,0.9455611819248371,0.9564753721717563,0.9509869633628448,0.9386439211700083,0.9514543837490986,0.9449913197274976,0.014943912695043114,0.011625849208322287,0.012902718639155994,0.35,0.0,180109683.0,60714.0,60714.0,180109683.0,517124032.0,278451402.0,795575434.0,frip,44.0,0.35,SKNSH,file
SKNSH_f035_s84,0.9454018441791774,0.9566958763648312,0.951015330143233,0.9384447036130398,0.9518018862602997,0.945063216644624,0.014798650719257728,0.011560711071670591,0.012844716593093499,0.35,0.0,180109683.0,60714.0,60714.0,180109683.0,517124032.0,278451402.0,795575434.0,frip,84.0,0.35,SKNSH,file
SKNSH_f035_s99,0.9456828383988288,0.9564130340862841,0.9510176703918293,0.9387393086274471,0.9514705963085506,0.9450481674935818,0.015008064130346768,0.011711899094445337,0.01299545493129057,0.35,0.0,180109683.0,60714.0,60714.0,180109683.0,517124032.0,278451402.0,795575434.0,frip,99.0,0.35,SKNSH,file
SKNSH_f04,0.9262053290749743,0.9476318122442836,0.9367960695705851,0.9166676555598875,0.94173583988793,0.9290066260461658,0.01982343383542011,0.013411319891502313,0.016314232389702255,0.4000000000000001,0.0,279556612.0,60714.0,60714.0,279556612.0,417677103.0,278451402.0,696128505.0,frip,,0.4,SKNSH,condition
SKNSH_f04_s34,0.9261868859676576,0.9475866272180621,0.9367645569453673,0.9167741313231774,0.9416980849147131,0.9290438326255565,0.01965953459958135,0.013518270535149802,0.01627877105913282,0.4,0.0,279556612.0,60714.0,60714.0,279556612.0,417677103.0,278451402.0,696128505.0,frip,34.0,0.4,SKNSH,file
SKNSH_f04_s61,0.9261727645842482,0.9476588422411768,0.9367926195760758,0.9164343966362299,0.9418028636097929,0.9289187002487386,0.02007586696781209,0.013390712794585652,0.01644648562609212,0.4,0.0,279556612.0,60714.0,60714.0,279556612.0,417677103.0,278451402.0,696128505.0,frip,61.0,0.4,SKNSH,file
SKNSH_f04_s92,0.926256339675441,0.9476499650848667,0.9368310312242037,0.916794438720255,0.9417065711392836,0.9290573452642026,0.019754026755731534,0.01334005773518185,0.01623574012933212,0.4,0.0,279556612.0,60714.0,60714.0,279556612.0,417677103.0,278451402.0,696128505.0,frip,92.0,0.4,SKNSH,file
SKNSH_f06,0.8752643218732655,0.9440806704089783,0.908371014056669,0.8572190519619145,0.9377994865015943,0.8955326389717764,0.03332975350963733,0.01335961696976858,0.023512255957137646,0.6,0.0,511599447.0,60714.0,60714.0,511599447.0,185634268.0,278451402.0,464085670.0,frip,,0.6,SKNSH,condition
SKNSH_f06_s13,0.8752112552024106,0.9439956340443773,0.9083030727963518,0.8570618508090676,0.9376554846759315,0.895378287268168,0.033513978066972754,0.013396842060044302,0.023609186252067153,0.6,0.0,511599447.0,60714.0,60714.0,511599447.0,185634268.0,278451402.0,464085670.0,frip,13.0,0.6,SKNSH,file
SKNSH_f06_s26,0.8753871865186362,0.9440982634714717,0.9084453219034151,0.8573672439989934,0.9378086152859225,0.8956193227035714,0.033311109177124494,0.013448392056430922,0.023544868647472725,0.6,0.0,511599447.0,60714.0,60714.0,511599447.0,185634268.0,278451402.0,464085670.0,frip,26.0,0.6,SKNSH,file
SKNSH_f06_s9,0.8751945019381763,0.9441481107340718,0.9083646255238185,0.8572280610776826,0.9379343595429285,0.8956003069435897,0.033202391647281136,0.013247239881688615,0.023409492050218427,0.6,0.0,511599447.0,60714.0,60714.0,511599447.0,185634268.0,278451402.0,464085670.0,frip,9.0,0.6,SKNSH,file
SKNSH_f08,0.8328925731436735,0.948612325957731,0.8869940930067205,0.8098336020005561,0.9443880997021098,0.8714866846414644,0.04395487560265148,0.012129541179248034,0.02878789466145487,0.8000000000000002,0.0,627620865.0,60714.0,60714.0,627620865.0,69612850.0,278451402.0,348064252.0,frip,,0.8,SKNSH,condition
SKNSH_f08_s49,0.8331221138900545,0.9484235616911443,0.8870416890338632,0.8102326621251629,0.9443497323421362,0.8717024227739356,0.0439136477288086,0.011950534003454185,0.0287151506573049,0.8,0.0,627620865.0,60714.0,60714.0,627620865.0,69612850.0,278451402.0,348064252.0,frip,49.0,0.8,SKNSH,file
SKNSH_f08_s55,0.8326743849681432,0.9486592973362543,0.8868908782232219,0.8095253636496575,0.9445299237827737,0.8713636692321955,0.04406416705589983,0.012101606510015867,0.028816174655613865,0.8,0.0,627620865.0,60714.0,60714.0,627620865.0,69612850.0,278451402.0,348064252.0,frip,55.0,0.8,SKNSH,file
SKNSH_f08_s86,0.8328812676854846,0.9487541872425357,0.8870496913459769,0.8097427802268478,0.9442846429814196,0.8713939619182615,0.043935990322364435,0.012346300505000029,0.028865198397011196,0.8,0.0,627620865.0,60714.0,60714.0,627620865.0,69612850.0,278451402.0,348064252.0,frip,86.0,0.8,SKNSH,file
SKNSH_r1e6,0.41379310344827586,0.5454545454545454,0.47058823529411764,0.3888888888888889,0.4444444444444444,0.28076923076923077,0.47485807993381707,0.5113099925649136,0.44001748217018,0.289,44133.333333333336,974685117.0,16580.666666666668,16580.666666666668,83090753.66666667,710994.6666666666,289005.3333333333,1000000.0,reads,,1000000.0,SKNSH,condition
SKNSH_r1e6_s18,0.41379310344827586,0.5454545454545454,0.47058823529411764,0.3888888888888889,0.4444444444444444,0.28076923076923077,0.47485807993381707,0.5113099925649136,0.44001748217018,0.289,44147.0,974685117.0,16567.0,16567.0,82937792.0,711079.0,288921.0,1000000.0,reads,18.0,1000000.0,SKNSH,file
SKNSH_r1e6_s20,0.0,0.0,0.0,,,,,,,0.289,44117.0,974685117.0,16597.0,16597.0,83270606.0,710566.0,289434.0,1000000.0,reads,20.0,1000000.0,SKNSH,file
SKNSH_r1e6_s68,0.0,0.0,0.0,,,,,,,0.289,44136.0,974685117.0,16578.0,16578.0,83063863.0,711339.0,288661.0,1000000.0,reads,68.0,1000000.0,SKNSH,file
SKNSH_r1e7,0.9071874270079082,0.6167798138601058,0.7343135434426644,0.8695565418765614,0.5785138175451308,0.6732160116182963,0.15166012888787442,0.19375946389976023,0.17825729713783012,0.291,12568.0,965685117.0,48146.0,48146.0,545643482.3333334,7088209.0,2911791.0,10000000.0,reads,,10000000.0,SKNSH,condition
SKNSH_r1e7_s33,0.9049685836130107,0.6114644251589914,0.7298127798127798,0.8682141127098101,0.5691088119577838,0.6661693417577664,0.1387258244251663,0.19240624389496722,0.1758963668619635,0.291,12575.0,965685117.0,48139.0,48139.0,545310006.0,7087865.0,2912135.0,10000000.0,reads,33.0,10000000.0,SKNSH,file
SKNSH_r1e7_s34,0.9058430218052992,0.6202254868466006,0.7363063008253736,0.8643535138254348,0.5859812979696342,0.675330867060763,0.1528454064262162,0.18932663439280795,0.17334646267119852,0.291,12601.0,965685117.0,48113.0,48113.0,544987742.0,7088902.0,2911098.0,10000000.0,reads,34.0,10000000.0,SKNSH,file
SKNSH_r1e7_s84,0.9107182870658533,0.6186409146258963,0.7367890989294311,0.8760856719970848,0.5804900378988027,0.6781503926084985,0.16233806227426376,0.19925143046896637,0.18529710964193427,0.291,12528.0,965685117.0,48186.0,48186.0,546632699.0,7087860.0,2912140.0,10000000.0,reads,84.0,10000000.0,SKNSH,file
SKNSH_r1e8,0.929502510439699,0.8413742898741043,0.8832455363566978,0.9142627905554592,0.8001112005224764,0.8527339069618237,0.02368969685453596,0.06055549528475996,0.0436724332834861,0.29,135.66666666666666,875685117.0,60578.333333333336,60578.333333333336,862093934.6666666,70955590.33333333,29044409.666666668,100000000.0,reads,,100000000.0,SKNSH,condition
SKNSH_r1e8_s21,0.9292942301631292,0.8412857707181274,0.8831027259514701,0.9136588843124855,0.7997826545672507,0.8522758532090746,0.024108288389009257,0.06123496115340021,0.044235115137434534,0.29,134.0,875685117.0,60580.0,60580.0,862252903.0,70957672.0,29042328.0,100000000.0,reads,21.0,100000000.0,SKNSH,file
SKNSH_r1e8_s66,0.9296727911031064,0.8413714094247442,0.8833208186685862,0.915214728152788,0.8008941646496138,0.8535898826231936,0.02258860495427785,0.05983794778570535,0.042800120097915784,0.29,141.0,875685117.0,60573.0,60573.0,861635215.0,70953327.0,29046673.0,100000000.0,reads,66.0,100000000.0,SKNSH,file
SKNSH_r1e8_s71,0.929540841695128,0.8414656822908775,0.8833131984333765,0.9139147592011038,0.7996567823505649,0.8523359850532026,0.02433296307565211,0.060649862867285236,0.04400781273125453,0.29,132.0,875685117.0,60582.0,60582.0,862393686.0,70955772.0,29044228.0,100000000.0,reads,71.0,100000000.0,SKNSH,file
SKNSH_r5e6,0.8792015014502644,0.292983852626791,0.43950701522452984,0.8311669345891225,0.31519585711068676,0.3729564458765208,0.3048278242277065,0.320743648442677,0.33586093749721246,0.29,23240.666666666668,970685117.0,37473.333333333336,37473.333333333336,340929807.6666667,3549426.3333333335,1450573.6666666667,5000000.0,reads,,5000000.0,SKNSH,condition
SKNSH_r5e6_s25,0.8804554079696395,0.31683168316831684,0.46598041677127794,0.8314772836094793,0.3634756005951152,0.42332695806590565,0.29968681118934826,0.3354347769240408,0.3434335709905737,0.29,23160.0,970685117.0,37554.0,37554.0,342423637.0,3549351.0,1450649.0,5000000.0,reads,25.0,5000000.0,SKNSH,file
SKNSH_r5e6_s7,0.8796185935637664,0.2554959321447118,0.3959758551307847,0.8105269224777096,0.24926868448270245,0.2995734925324881,0.3284229047227859,0.3026968613011044,0.3206869290290579,0.29,23196.0,970685117.0,37518.0,37518.0,341621661.0,3548939.0,1451061.0,5000000.0,reads,7.0,5000000.0,SKNSH,file
SKNSH_r5e6_s75,0.8775903614457832,0.30589618679657316,0.45366218236173395,0.8487684959563625,0.3339773301289664,0.39797330211967036,0.2877942210463873,0.3131639191721203,0.3312223542833553,0.29,23366.0,970685117.0,37348.0,37348.0,338744125.0,3549989.0,1450011.0,5000000.0,reads,75.0,5000000.0,SKNSH,file
SKNSH_r5e7,0.9298483533804062,0.8219982283283375,0.8726034654783388,0.9125314296179727,0.7682115334694082,0.8330036921392482,0.028803723570574775,0.07183271170664296,0.05207705225443516,0.291,858.6666666666666,925685117.0,59855.333333333336,59855.333333333336,867639000.0,35440294.333333336,14559705.666666666,50000000.0,reads,,50000000.0,SKNSH,condition
SKNSH_r5e7_s36,0.929953119586212,0.8213499834732821,0.8722841615122913,0.9123479666104107,0.7676208621553124,0.8325715106102258,0.02914202081227243,0.07228996939823465,0.05261411735043792,0.291,861.0,925685117.0,59853.0,59853.0,867486612.0,35439545.0,14560455.0,50000000.0,reads,36.0,50000000.0,SKNSH,file
SKNSH_r5e7_s41,0.9299233973106408,0.822336084793066,0.872826854141275,0.9133223114298062,0.7676646270362014,0.8330020005843736,0.029138070839112164,0.0722161324410425,0.05241196816782067,0.291,833.0,925685117.0,59881.0,59881.0,868967914.0,35444755.0,14555245.0,50000000.0,reads,41.0,50000000.0,SKNSH,file
SKNSH_r5e7_s42,0.9296691670558632,0.8223076151350039,0.87269882043787,0.9119240108137016,0.7693491112167107,0.8334375652231452,0.028135830517671264,0.0710573509670575,0.051253098205580584,0.291,882.0,925685117.0,59832.0,59832.0,866462474.0,35436583.0,14563417.0,50000000.0,reads,42.0,50000000.0,SKNSH,file
SKNSH_r5e8,0.9167455076564515,0.8797727763846417,0.8978786886542099,0.9020057054727351,0.8602343365256226,0.8805644778075477,0.02560433311586137,0.03480376861563653,0.030029933007403028,0.287,0.0,475685117.0,60714.0,60714.0,475685117.0,356358886.3333333,143641113.66666666,500000000.0,reads,,500000000.0,SKNSH,condition
SKNSH_r5e8_s14,0.9166357423317789,0.8794160623500499,0.8976402496068643,0.9016181141821445,0.8598325747599062,0.8801725523527354,0.02612172293401816,0.035026387769756875,0.030421716406945968,0.287,0.0,475685117.0,60714.0,60714.0,475685117.0,356351682.0,143648318.0,500000000.0,reads,14.0,500000000.0,SKNSH,file
SKNSH_r5e8_s32,0.9169362038591788,0.8800252175577246,0.8981016205138854,0.9023901986274506,0.8605760808539457,0.8809244127358489,0.025368439126092428,0.03481681576548732,0.02990759046409862,0.287,0.0,475685117.0,60714.0,60714.0,475685117.0,356370695.0,143629305.0,500000000.0,reads,32.0,500000000.0,SKNSH,file
SKNSH_r5e8_s69,0.9166645857548813,0.8798770796068782,0.8978941866406899,0.9020088036086099,0.8602943539630158,0.8805964683340584,0.025339810436791278,0.034604195455896644,0.029787723104896118,0.287,0.0,475685117.0,60714.0,60714.0,475685117.0,356354282.0,143645718.0,500000000.0,reads,69.0,500000000.0,SKNSH,file
