,0,1,2,3,4,5,6,sampling_type
baseline,437757,437757,0,0,0,0.3,HEPG2,cells
HEPG2_c1000_s81,229848,364065,229149,134916,22223,0.3,HEPG2,cells
HEPG2_c1000_s42,225707,354590,225065,129525,19570,0.3,HEPG2,cells
HEPG2_c1000_s79,231602,369080,230993,138087,21999,0.3,HEPG2,cells
HEPG2_c10000_s5,353481,397998,353497,44501,13161,0.3,HEPG2,cells
HEPG2_c10000_s46,352397,395889,352390,43499,13228,0.3,HEPG2,cells
HEPG2_c10000_s65,350594,393280,350550,42730,12947,0.3,HEPG2,cells
HEPG2_c20000_s21,401270,429932,401268,28664,9514,0.3,HEPG2,cells
HEPG2_c20000_s20,401191,429805,401177,28628,9723,0.3,HEPG2,cells
HEPG2_c20000_s92,403169,432897,403167,29730,9676,0.3,HEPG2,cells
HEPG2_c2500_s25,267992,335183,267513,67670,14266,0.3,HEPG2,cells
HEPG2_c2500_s5,262955,325054,262478,62576,14165,0.3,HEPG2,cells
HEPG2_c2500_s58,256237,314870,255739,59131,13227,0.3,HEPG2,cells
HEPG2_c5000_s39,297147,342386,296897,45489,13334,0.3,HEPG2,cells
HEPG2_c5000_s73,296017,340318,295690,44628,13254,0.3,HEPG2,cells
HEPG2_c5000_s31,310485,366339,310286,56053,13430,0.3,HEPG2,cells
HEPG2_c7500_s41,326471,368463,326359,42104,12878,0.3,HEPG2,cells
HEPG2_c7500_s65,335007,384088,334934,49154,13282,0.3,HEPG2,cells
HEPG2_c7500_s60,328141,371342,327981,43361,13168,0.3,HEPG2,cells
baseline,437757,437757,0,0,0,0.3,HEPG2,reads
HEPG2_r1e6_s44,51773,74074,51345,22729,4284,0.3,HEPG2,reads
HEPG2_r1e6_s9,51732,73459,51323,22136,4067,0.3,HEPG2,reads
HEPG2_r1e6_s75,51345,72116,50904,21212,4279,0.3,HEPG2,reads
HEPG2_r1e7_s62,136721,160642,136163,24479,7674,0.3,HEPG2,reads
HEPG2_r1e7_s79,134369,157843,133821,24022,7689,0.3,HEPG2,reads
HEPG2_r1e7_s61,135076,158271,134583,23688,7646,0.3,HEPG2,reads
HEPG2_r1e8_s92,266598,286859,266299,20560,8977,0.3,HEPG2,reads
HEPG2_r1e8_s66,266402,286764,266027,20737,9080,0.3,HEPG2,reads
HEPG2_r1e8_s65,266936,287096,266560,20536,8981,0.3,HEPG2,reads
HEPG2_r5e6_s92,105477,132765,104948,27817,7517,0.3,HEPG2,reads
HEPG2_r5e6_s55,107690,135634,107087,28547,7679,0.3,HEPG2,reads
HEPG2_r5e6_s21,106829,134330,106278,28052,7695,0.3,HEPG2,reads
HEPG2_r5e7_s95,208712,225196,208302,16894,7076,0.3,HEPG2,reads
HEPG2_r5e7_s39,208483,224703,208042,16661,7024,0.3,HEPG2,reads
HEPG2_r5e7_s76,208555,224832,208150,16682,7069,0.3,HEPG2,reads
HEPG2_r5e8_s9,405665,423494,405658,17836,6378,0.3,HEPG2,reads
HEPG2_r5e8_s59,405783,423791,405798,17993,6359,0.3,HEPG2,reads
HEPG2_r5e8_s31,405450,423445,405483,17962,6431,0.3,HEPG2,reads
baseline,437757,437757,0,0,0,0.3,HEPG2,frip
HEPG2_f005_s1,246007,454858,247267,207591,204186,0.3,HEPG2,frip
HEPG2_f005_s76,245984,454879,247210,207669,204185,0.3,HEPG2,frip
HEPG2_f005_s95,246059,454957,247290,207667,204251,0.3,HEPG2,frip
HEPG2_f01_s67,272812,428307,273759,154548,150081,0.3,HEPG2,frip
HEPG2_f01_s23,272780,428289,273715,154574,150074,0.3,HEPG2,frip
HEPG2_f01_s36,272813,428344,273778,154566,150085,0.3,HEPG2,frip
HEPG2_f02_s7,343126,422543,343627,78916,74133,0.3,HEPG2,frip
HEPG2_f02_s88,343058,422395,343525,78870,74163,0.3,HEPG2,frip
HEPG2_f02_s75,343080,422435,343526,78909,74113,0.3,HEPG2,frip
HEPG2_f04_s36,384351,395862,384301,11561,6417,0.3,HEPG2,frip
HEPG2_f04_s68,384343,395900,384294,11606,6421,0.3,HEPG2,frip
HEPG2_f04_s24,384088,395584,383999,11585,6379,0.3,HEPG2,frip
HEPG2_f06_s96,324314,334602,324212,10390,7015,0.3,HEPG2,frip
HEPG2_f06_s67,324225,334659,324157,10502,7066,0.3,HEPG2,frip
HEPG2_f06_s42,324166,334585,324082,10503,7048,0.3,HEPG2,frip
HEPG2_f08_s77,280493,288562,280449,8113,6508,0.3,HEPG2,frip
HEPG2_f08_s64,280698,288772,280627,8145,6516,0.3,HEPG2,frip
HEPG2_f08_s22,280695,288834,280643,8191,6517,0.3,HEPG2,frip
baseline,497621,497621,0,0,0,0.3,K562,cells
K562_c1000_s7,153139,197298,152211,45087,6271,0.3,K562,cells
K562_c1000_s48,146327,187898,145398,42500,6493,0.3,K562,cells
K562_c1000_s52,156967,202699,155880,46819,6532,0.3,K562,cells
K562_c10000_s76,317595,352907,317126,35781,12590,0.3,K562,cells
K562_c10000_s2,319151,355326,318720,36606,12814,0.3,K562,cells
K562_c10000_s21,320602,356777,320145,36632,12783,0.3,K562,cells
K562_c20000_s85,390845,429588,390697,38891,12779,0.3,K562,cells
K562_c20000_s19,379465,413181,379322,33859,12596,0.3,K562,cells
K562_c20000_s97,379279,412818,379068,33750,12512,0.3,K562,cells
K562_c2500_s3,216364,254797,215422,39375,9562,0.3,K562,cells
K562_c2500_s61,214484,251827,213620,38207,9551,0.3,K562,cells
K562_c2500_s58,208260,243155,207280,35875,9272,0.3,K562,cells
K562_c30000_s85,425418,458796,425378,33418,11501,0.3,K562,cells
K562_c30000_s90,426927,460669,426882,33787,11608,0.3,K562,cells
K562_c30000_s60,425968,459987,425922,34065,11637,0.3,K562,cells
K562_c40000_s7,451136,474565,451090,23475,8095,0.3,K562,cells
K562_c40000_s73,452303,476159,452307,23852,8096,0.3,K562,cells
K562_c40000_s71,451145,474743,451121,23622,8176,0.3,K562,cells
K562_c5000_s63,245882,275027,245177,29850,10681,0.3,K562,cells
K562_c5000_s99,266591,304307,265926,38381,11811,0.3,K562,cells
K562_c5000_s6,269510,308026,268847,39179,11873,0.3,K562,cells
K562_c7500_s80,297230,333971,296685,37286,12670,0.3,K562,cells
K562_c7500_s44,296582,333267,296007,37260,12592,0.3,K562,cells
K562_c7500_s50,300425,338407,299812,38595,12785,0.3,K562,cells
baseline,497621,497621,0,0,0,0.3,K562,reads
K562_r1e6_s95,39036,50598,38684,11914,1871,0.3,K562,reads
K562_r1e6_s37,37923,48216,37619,10597,1765,0.3,K562,reads
K562_r1e6_s63,39277,50636,38947,11689,1821,0.3,K562,reads
K562_r1e7_s24,110602,124262,109968,14294,4155,0.3,K562,reads
K562_r1e7_s12,111436,125199,110723,14476,4188,0.3,K562,reads
K562_r1e7_s6,110615,124271,109940,14331,4215,0.3,K562,reads
K562_r1e8_s68,259816,282215,259272,22943,10336,0.3,K562,reads
K562_r1e8_s19,259935,282444,259322,23122,10420,0.3,K562,reads
K562_r1e8_s70,259592,281997,258928,23069,10362,0.3,K562,reads
K562_r5e6_s42,83264,96167,82692,13475,2936,0.3,K562,reads
K562_r5e6_s88,82476,94626,81902,12724,2976,0.3,K562,reads
K562_r5e6_s44,82175,94782,81630,13152,2994,0.3,K562,reads
K562_r5e7_s87,187891,203981,187169,16812,7275,0.3,K562,reads
K562_r5e7_s68,189769,205840,189053,16787,7182,0.3,K562,reads
K562_r5e7_s35,189196,205513,188490,17023,7249,0.3,K562,reads
K562_r5e8_s8,438120,463478,438069,25409,9702,0.3,K562,reads
K562_r5e8_s63,437479,462933,437414,25519,9824,0.3,K562,reads
K562_r5e8_s71,437164,462691,437122,25569,9796,0.3,K562,reads
baseline,497621,497621,0,0,0,0.3,K562,frip
K562_f005_s96,235583,490184,236571,253613,248911,0.3,K562,frip
K562_f005_s45,235606,490146,236546,253600,248927,0.3,K562,frip
K562_f005_s74,235535,490151,236489,253662,248973,0.3,K562,frip
K562_f01_s56,262230,478877,263138,215739,209233,0.3,K562,frip
K562_f01_s84,262207,479505,263152,216353,209712,0.3,K562,frip
K562_f01_s33,262378,479696,263369,216327,209650,0.3,K562,frip
K562_f02_s53,343732,460428,344727,115701,107838,0.3,K562,frip
K562_f02_s83,343798,460464,344764,115700,107812,0.3,K562,frip
K562_f02_s33,343703,459924,344677,115247,107336,0.3,K562,frip
K562_f04_s7,441250,455711,441153,14558,8113,0.3,K562,frip
K562_f04_s6,441482,456168,441406,14762,8155,0.3,K562,frip
K562_f04_s28,441356,455875,441281,14594,8141,0.3,K562,frip
K562_f06_s78,375280,387787,375209,12578,8741,0.3,K562,frip
K562_f06_s32,375156,387648,375045,12603,8723,0.3,K562,frip
K562_f06_s49,375262,387627,375155,12472,8675,0.3,K562,frip
K562_f08_s10,334624,344338,334571,9767,8160,0.3,K562,frip
K562_f08_s66,334533,344222,334456,9766,8153,0.3,K562,frip
K562_f08_s27,334508,344098,334450,9648,8098,0.3,K562,frip
baseline,377429,377429,0,0,0,0.3,MCF7,cells
MCF7_c1000_s99,190246,283065,189875,93190,10018,0.3,MCF7,cells
MCF7_c1000_s25,190678,282352,190326,92026,10031,0.3,MCF7,cells
MCF7_c1000_s4,166261,213645,165813,47832,7723,0.3,MCF7,cells
MCF7_c10000_s56,289464,311914,289320,22594,6162,0.3,MCF7,cells
MCF7_c10000_s17,291381,314818,291317,23501,6399,0.3,MCF7,cells
MCF7_c10000_s84,292666,316261,292627,23634,6361,0.3,MCF7,cells
MCF7_c20000_s6,330495,348391,330441,17950,5034,0.3,MCF7,cells
MCF7_c20000_s14,330976,349123,330930,18193,5073,0.3,MCF7,cells
MCF7_c20000_s23,330094,348008,330064,17944,5081,0.3,MCF7,cells
MCF7_c2500_s42,219268,254844,218971,35873,6425,0.3,MCF7,cells
MCF7_c2500_s91,214134,248460,213891,34569,6300,0.3,MCF7,cells
MCF7_c2500_s87,219915,256137,219633,36504,6452,0.3,MCF7,cells
MCF7_c30000_s90,360537,370297,360527,9770,3162,0.3,MCF7,cells
MCF7_c30000_s84,361174,370979,361153,9826,3149,0.3,MCF7,cells
MCF7_c30000_s12,361568,371668,361552,10116,3146,0.3,MCF7,cells
MCF7_c5000_s55,259096,288670,258920,29750,6875,0.3,MCF7,cells
MCF7_c5000_s3,257900,287078,257725,29353,6868,0.3,MCF7,cells
MCF7_c5000_s92,255130,283614,254947,28667,6922,0.3,MCF7,cells
MCF7_c7500_s79,272450,295327,272327,23000,6391,0.3,MCF7,cells
MCF7_c7500_s56,280535,308906,280445,28461,7080,0.3,MCF7,cells
MCF7_c7500_s62,281880,310694,281764,28930,7243,0.3,MCF7,cells
baseline,377429,377429,0,0,0,0.3,MCF7,reads
MCF7_r1e6_s67,51946,68412,51650,16762,3007,0.3,MCF7,reads
MCF7_r1e6_s75,51949,67266,51610,15656,2986,0.3,MCF7,reads
MCF7_r1e6_s89,52718,69689,52388,17301,3052,0.3,MCF7,reads
MCF7_r1e7_s24,137092,151286,136729,14557,4194,0.3,MCF7,reads
MCF7_r1e7_s84,136682,150607,136307,14300,4196,0.3,MCF7,reads
MCF7_r1e7_s81,136758,150892,136403,14489,4179,0.3,MCF7,reads
MCF7_r1e8_s97,255310,270078,255148,14930,6121,0.3,MCF7,reads
MCF7_r1e8_s17,254735,269322,254555,14767,6130,0.3,MCF7,reads
MCF7_r1e8_s88,255042,269574,254879,14695,6069,0.3,MCF7,reads
MCF7_r5e6_s92,106218,122391,105913,16478,3952,0.3,MCF7,reads
MCF7_r5e6_s16,108008,124171,107679,16492,3872,0.3,MCF7,reads
MCF7_r5e6_s85,108086,124278,107706,16572,3956,0.3,MCF7,reads
MCF7_r5e7_s81,204954,216393,204673,11720,4732,0.3,MCF7,reads
MCF7_r5e7_s57,205360,216726,205138,11588,4792,0.3,MCF7,reads
MCF7_r5e7_s21,203610,214924,203402,11522,4720,0.3,MCF7,reads
MCF7_r5e8_s83,357298,366044,357309,8735,3055,0.3,MCF7,reads
MCF7_r5e8_s38,357263,366115,357259,8856,3070,0.3,MCF7,reads
MCF7_r5e8_s11,357091,365852,357075,8777,3054,0.3,MCF7,reads
baseline,377429,377429,0,0,0,0.3,MCF7,frip
MCF7_f005_s39,217461,369768,218508,151260,149019,0.3,MCF7,frip
MCF7_f005_s76,217466,369836,218525,151311,148999,0.3,MCF7,frip
MCF7_f005_s27,217535,369858,218575,151283,149007,0.3,MCF7,frip
MCF7_f01_s53,245398,364460,246055,118405,115676,0.3,MCF7,frip
MCF7_f01_s83,245284,364483,245898,118585,115741,0.3,MCF7,frip
MCF7_f01_s31,245331,364503,245958,118545,115761,0.3,MCF7,frip
MCF7_f02_s27,305660,359644,305871,53773,51099,0.3,MCF7,frip
MCF7_f02_s59,305731,359656,305930,53726,51054,0.3,MCF7,frip
MCF7_f02_s49,305684,359742,305891,53851,51062,0.3,MCF7,frip
MCF7_f04_s97,337681,345463,337645,7818,4572,0.3,MCF7,frip
MCF7_f04_s17,337906,345760,337898,7862,4546,0.3,MCF7,frip
MCF7_f04_s33,337786,345590,337771,7819,4533,0.3,MCF7,frip
MCF7_f06_s34,289267,296816,289232,7584,5339,0.3,MCF7,frip
MCF7_f06_s78,289182,296679,289129,7550,5353,0.3,MCF7,frip
MCF7_f06_s37,289142,296552,289089,7463,5298,0.3,MCF7,frip
MCF7_f08_s13,251465,257795,251434,6361,5136,0.3,MCF7,frip
MCF7_f08_s96,251710,258038,251673,6365,5145,0.3,MCF7,frip
MCF7_f08_s40,251482,257727,251444,6283,5140,0.3,MCF7,frip
baseline,490366,490366,0,0,0,0.3,GM12878,cells
GM12878_c1000_s44,176686,320458,175809,144649,14616,0.3,GM12878,cells
GM12878_c1000_s48,158185,248249,157335,90914,10383,0.3,GM12878,cells
GM12878_c1000_s4,159295,245410,158513,86897,14344,0.3,GM12878,cells
GM12878_c10000_s14,345116,581546,345234,236312,87652,0.3,GM12878,cells
GM12878_c10000_s90,345688,588663,345686,242977,85494,0.3,GM12878,cells
GM12878_c10000_s17,349434,585006,349602,235404,87619,0.3,GM12878,cells
GM12878_c20000_s50,394461,524526,394559,129967,57602,0.3,GM12878,cells
GM12878_c20000_s9,409176,531223,409311,121912,57423,0.3,GM12878,cells
GM12878_c20000_s71,403321,520595,403363,117232,57490,0.3,GM12878,cells
GM12878_c2500_s21,248494,498093,248016,250077,54848,0.3,GM12878,cells
GM12878_c2500_s80,259324,521700,258887,262813,45579,0.3,GM12878,cells
GM12878_c2500_s95,232270,438990,231691,207299,54672,0.3,GM12878,cells
GM12878_c30000_s63,482892,493894,482909,10985,7265,0.3,GM12878,cells
GM12878_c30000_s89,485881,496034,485878,10156,7267,0.3,GM12878,cells
GM12878_c30000_s40,486181,487897,486181,1716,447,0.3,GM12878,cells
GM12878_c5000_s48,282989,536237,282705,253532,61531,0.3,GM12878,cells
GM12878_c5000_s33,300142,585978,300057,285921,65941,0.3,GM12878,cells
GM12878_c5000_s18,285521,533565,285220,248345,65911,0.3,GM12878,cells
GM12878_c7500_s39,335127,622619,335231,287388,106618,0.3,GM12878,cells
GM12878_c7500_s55,331316,613921,331329,282592,106560,0.3,GM12878,cells
GM12878_c7500_s56,325989,585313,325926,259387,85024,0.3,GM12878,cells
baseline,490366,490366,0,0,0,0.3,GM12878,reads
GM12878_r1e6_s18,47648,58833,47283,11550,2295,0.3,GM12878,reads
GM12878_r1e6_s83,47540,58865,47163,11702,2272,0.3,GM12878,reads
GM12878_r1e6_s46,46963,58520,46605,11915,2333,0.3,GM12878,reads
GM12878_r1e7_s1,113651,125157,113140,12017,3979,0.3,GM12878,reads
GM12878_r1e7_s61,113955,125044,113398,11646,3914,0.3,GM12878,reads
GM12878_r1e7_s65,114009,125408,113416,11992,3900,0.3,GM12878,reads
GM12878_r1e8_s77,212566,232783,211883,20900,11634,0.3,GM12878,reads
GM12878_r1e8_s87,212567,232752,211910,20842,11560,0.3,GM12878,reads
GM12878_r1e8_s5,212758,233268,212167,21101,11711,0.3,GM12878,reads
GM12878_r5e6_s66,91938,102817,91436,11381,3075,0.3,GM12878,reads
GM12878_r5e6_s30,92632,103855,92103,11752,3089,0.3,GM12878,reads
GM12878_r5e6_s50,92833,103658,92271,11387,3047,0.3,GM12878,reads
GM12878_r5e7_s20,170732,185051,170137,14914,7355,0.3,GM12878,reads
GM12878_r5e7_s79,170350,184349,169766,14583,7333,0.3,GM12878,reads
GM12878_r5e7_s72,170526,184943,169894,15049,7385,0.3,GM12878,reads
GM12878_r5e8_s14,297068,333149,296658,36491,29766,0.3,GM12878,reads
GM12878_r5e8_s57,297054,333324,296736,36588,29737,0.3,GM12878,reads
GM12878_r5e8_s15,296855,332865,296505,36360,29696,0.3,GM12878,reads
baseline,490366,490366,0,0,0,0.3,GM12878,frip
GM12878_f005_s40,263306,567233,264611,302622,300235,0.3,GM12878,frip
GM12878_f005_s91,263323,567456,264641,302815,300263,0.3,GM12878,frip
GM12878_f005_s21,263294,567284,264587,302697,300248,0.3,GM12878,frip
GM12878_f01_s40,284097,533402,284925,248477,245264,0.3,GM12878,frip
GM12878_f01_s2,284181,533411,284987,248424,245276,0.3,GM12878,frip
GM12878_f01_s72,284150,533423,284982,248441,245279,0.3,GM12878,frip
GM12878_f02_s76,329885,473539,330261,143278,141026,0.3,GM12878,frip
GM12878_f02_s42,329906,473416,330305,143111,140944,0.3,GM12878,frip
GM12878_f02_s49,329815,473448,330190,143258,141008,0.3,GM12878,frip
GM12878_f04_s52,412312,427281,412201,15080,11504,0.3,GM12878,frip
GM12878_f04_s28,412348,427291,412244,15047,11476,0.3,GM12878,frip
GM12878_f04_s50,412254,427381,412148,15233,11497,0.3,GM12878,frip
GM12878_f06_s35,350781,360821,350605,10216,8042,0.3,GM12878,frip
GM12878_f06_s13,350670,360711,350491,10220,8048,0.3,GM12878,frip
GM12878_f06_s82,350756,360740,350570,10170,8024,0.3,GM12878,frip
GM12878_f08_s85,316729,323988,316648,7340,6088,0.3,GM12878,frip
GM12878_f08_s86,316687,324039,316604,7435,6097,0.3,GM12878,frip
GM12878_f08_s18,316674,324038,316601,7437,6107,0.3,GM12878,frip
baseline,435216,435216,0,0,0,0.3,SKNSH,cells
SKNSH_c1000_s78,184112,272739,183182,89557,13711,0.3,SKNSH,cells
SKNSH_c1000_s42,184604,272459,183738,88721,12551,0.3,SKNSH,cells
SKNSH_c1000_s94,184444,274353,183523,90830,13849,0.3,SKNSH,cells
SKNSH_c10000_s37,298336,341368,298025,43343,15212,0.3,SKNSH,cells
SKNSH_c10000_s1,296552,338992,296227,42765,14995,0.3,SKNSH,cells
SKNSH_c10000_s19,297742,341010,297519,43491,15268,0.3,SKNSH,cells
SKNSH_c20000_s65,344515,386296,344430,41866,14868,0.3,SKNSH,cells
SKNSH_c20000_s79,345166,387903,345115,42788,15108,0.3,SKNSH,cells
SKNSH_c20000_s36,341328,382081,341187,40894,15125,0.3,SKNSH,cells
SKNSH_c2500_s62,229755,294257,228992,65265,15055,0.3,SKNSH,cells
SKNSH_c2500_s15,232087,297291,231369,65922,15076,0.3,SKNSH,cells
SKNSH_c2500_s41,227961,291109,227237,63872,14779,0.3,SKNSH,cells
SKNSH_c30000_s46,365847,401912,365882,36030,12792,0.3,SKNSH,cells
SKNSH_c30000_s41,366489,402228,366442,35786,12756,0.3,SKNSH,cells
SKNSH_c30000_s87,365800,401898,365824,36074,12881,0.3,SKNSH,cells
SKNSH_c40000_s10,386388,418402,386361,32041,11296,0.3,SKNSH,cells
SKNSH_c40000_s70,386054,417740,386034,31706,11121,0.3,SKNSH,cells
SKNSH_c40000_s91,387205,419500,387212,32288,11229,0.3,SKNSH,cells
SKNSH_c5000_s35,251748,295170,251241,43929,14125,0.3,SKNSH,cells
SKNSH_c5000_s13,252323,295613,251845,43768,13920,0.3,SKNSH,cells
SKNSH_c5000_s15,256981,302685,256425,46260,14146,0.3,SKNSH,cells
SKNSH_c50000_s79,404028,430150,404048,26102,9021,0.3,SKNSH,cells
SKNSH_c50000_s80,403239,428850,403253,25597,9038,0.3,SKNSH,cells
SKNSH_c50000_s23,403607,429281,403612,25669,9024,0.3,SKNSH,cells
SKNSH_c7500_s90,279743,323808,279358,44450,15266,0.3,SKNSH,cells
SKNSH_c7500_s15,282302,327401,281899,45502,15338,0.3,SKNSH,cells
SKNSH_c7500_s95,283874,330553,283539,47014,15411,0.3,SKNSH,cells
baseline,435216,435216,0,0,0,0.3,SKNSH,reads
SKNSH_r1e6_s18,48356,61738,47941,13797,2826,0.3,SKNSH,reads
SKNSH_r1e6_s68,48849,63235,48429,14806,2800,0.3,SKNSH,reads
SKNSH_r1e6_s20,49052,63685,48630,15055,2783,0.3,SKNSH,reads
SKNSH_r1e7_s84,127404,144698,126838,17860,5858,0.3,SKNSH,reads
SKNSH_r1e7_s33,127794,145565,127157,18408,5894,0.3,SKNSH,reads
SKNSH_r1e7_s34,127745,145157,127126,18031,5721,0.3,SKNSH,reads
SKNSH_r1e8_s21,250062,274418,249569,24849,11187,0.3,SKNSH,reads
SKNSH_r1e8_s66,249904,274292,249488,24804,11183,0.3,SKNSH,reads
SKNSH_r1e8_s71,249796,274087,249326,24761,11225,0.3,SKNSH,reads
SKNSH_r5e6_s75,100019,116436,99477,16959,4500,0.3,SKNSH,reads
SKNSH_r5e6_s7,100776,117318,100190,17128,4519,0.3,SKNSH,reads
SKNSH_r5e6_s25,100583,116856,99966,16890,4527,0.3,SKNSH,reads
SKNSH_r5e7_s42,195730,215317,195195,20122,8651,0.3,SKNSH,reads
SKNSH_r5e7_s36,195922,215274,195423,19851,8762,0.3,SKNSH,reads
SKNSH_r5e7_s41,195582,214933,195061,19872,8667,0.3,SKNSH,reads
SKNSH_r5e8_s69,371179,396367,371162,25205,10615,0.3,SKNSH,reads
SKNSH_r5e8_s32,371230,396054,371117,24937,10611,0.3,SKNSH,reads
SKNSH_r5e8_s14,371070,395990,371044,24946,10684,0.3,SKNSH,reads
baseline,435216,435216,0,0,0,0.3,SKNSH,frip
SKNSH_f005_s86,248579,467381,250738,216643,213380,0.3,SKNSH,frip
SKNSH_f005_s4,248512,467495,250679,216816,213450,0.3,SKNSH,frip
SKNSH_f005_s56,248482,467406,250688,216718,213433,0.3,SKNSH,frip
SKNSH_f01_s26,274207,451846,275879,175967,171577,0.3,SKNSH,frip
SKNSH_f01_s10,273968,451624,275645,175979,171604,0.3,SKNSH,frip
SKNSH_f01_s29,274001,451807,275627,176180,171658,0.3,SKNSH,frip
SKNSH_f02_s80,342124,430678,342930,87748,82727,0.3,SKNSH,frip
SKNSH_f02_s52,342179,430836,343028,87808,82693,0.3,SKNSH,frip
SKNSH_f02_s88,342135,430666,342909,87757,82717,0.3,SKNSH,frip
SKNSH_f04_s92,382033,396292,381965,14327,7856,0.3,SKNSH,frip
SKNSH_f04_s34,382119,396387,382056,14331,7824,0.3,SKNSH,frip
SKNSH_f04_s61,382032,396443,381977,14466,7840,0.3,SKNSH,frip
SKNSH_f06_s9,320257,330954,320186,10768,6594,0.3,SKNSH,frip
SKNSH_f06_s26,319944,330529,319845,10684,6608,0.3,SKNSH,frip
SKNSH_f08_s49,277523,283933,277465,6468,4629,0.3,SKNSH,frip
SKNSH_f08_s86,277431,283837,277380,6457,4631,0.3,SKNSH,frip
SKNSH_f08_s55,277434,283849,277372,6477,4588,0.3,SKNSH,frip
