,FRIP,N_cells_removed,N_reads_removed,Ncells,Ncells_with_edits,Nedits,Nnonpeakpairs,Npeakpairs,Nreadpairs,sampling_type,seed,value,cell_line
MCF7_f025_s28,0.25,0,27405389,32303,32259,27405389,411746319,137248773,548995092,frip,28,0.25,MCF7
HEPG2_f025_s76,0.25,0,31893724,25043,24996,31893724,454695021,151565007,606260028,frip,76,0.25,HEPG2
SKNSH_f025_s74,0.25,0,46040164,60714,60696,46040164,697233715,232411238,929644953,frip,74,0.25,SKNSH
HEPG2_f025_s88,0.25,0,31893724,25043,24996,31893724,454695021,151565007,606260028,frip,88,0.25,HEPG2
SKNSH_f025_s18,0.25,0,46040164,60714,60697,46040164,697233715,232411238,929644953,frip,18,0.25,SKNSH
MCF7_f025_s89,0.25,0,27405389,32303,32245,27405389,411746319,137248773,548995092,frip,89,0.25,MCF7
MCF7_f025_s90,0.25,0,27405389,32303,32254,27405389,411746319,137248773,548995092,frip,90,0.25,MCF7
GM12878_f025_s77,0.25,0,90060209,30246,29508,90060209,585584726,195194909,780779635,frip,77,0.25,GM12878
HEPG2_f025_s9,0.25,0,31893724,25043,24995,31893724,454695021,151565007,606260028,frip,9,0.25,HEPG2
GM12878_f025_s10,0.25,0,90060209,30246,29549,90060209,585584726,195194909,780779635,frip,10,0.25,GM12878
K562_f025_s2,0.25,0,49827265,48060,48042,49827265,514801538,171600513,686402051,frip,2,0.25,K562
K562_f025_s4,0.25,0,49827265,48060,48045,49827265,514801538,171600513,686402051,frip,4,0.25,K562
K562_f025_s95,0.25,0,49827265,48060,48043,49827265,514801538,171600513,686402051,frip,95,0.25,K562
GM12878_f025_s40,0.25,0,90060209,30246,29500,90060209,585584726,195194909,780779635,frip,40,0.25,GM12878
SKNSH_f025_s47,0.25,0,46040164,60714,60686,46040164,697233715,232411238,929644953,frip,47,0.25,SKNSH
SKNSH_f08_s86,0.8,0,627620865,60714,60714,627620865,69612850,278451402,348064252,frip,86,0.8,SKNSH
K562_f08_s10,0.8,0,459444594,48060,48060,459444594,55356944,221427778,276784722,frip,10,0.8,K562
GM12878_f08_s86,0.8,0,514270947,30246,30246,514270947,71313779,285255118,356568897,frip,86,0.8,GM12878
GM12878_f08_s18,0.8,0,514270947,30246,30246,514270947,71313779,285255118,356568897,frip,18,0.8,GM12878
K562_f08_s66,0.8,0,459444594,48060,48060,459444594,55356944,221427778,276784722,frip,66,0.8,K562
K562_f08_s27,0.8,0,459444594,48060,48060,459444594,55356944,221427778,276784722,frip,27,0.8,K562
HEPG2_f08_s64,0.8,0,408830338,25043,25043,408830338,45864683,183458731,229323414,frip,64,0.8,HEPG2
MCF7_f08_s96,0.8,0,370582779,32303,32303,370582779,41163540,164654162,205817702,frip,96,0.8,MCF7
HEPG2_f08_s22,0.8,0,408830338,25043,25043,408830338,45864683,183458731,229323414,frip,22,0.8,HEPG2
MCF7_f08_s40,0.8,0,370582779,32303,32303,370582779,41163540,164654162,205817702,frip,40,0.8,MCF7
SKNSH_f08_s49,0.8,0,627620865,60714,60714,627620865,69612850,278451402,348064252,frip,49,0.8,SKNSH
SKNSH_f08_s55,0.8,0,627620865,60714,60714,627620865,69612850,278451402,348064252,frip,55,0.8,SKNSH
MCF7_f08_s13,0.8,0,370582779,32303,32303,370582779,41163540,164654162,205817702,frip,13,0.8,MCF7
HEPG2_f08_s77,0.8,0,408830338,25043,25043,408830338,45864683,183458731,229323414,frip,77,0.8,HEPG2
GM12878_f08_s85,0.8,0,514270947,30246,30246,514270947,71313779,285255118,356568897,frip,85,0.8,GM12878
SKNSH_f02_s80,0.2,0,104142973,60714,60712,104142973,697233715,174308429,871542144,frip,80,0.2,SKNSH
K562_f02_s83,0.2,0,92727394,48060,48057,92727394,514801538,128700384,643501922,frip,83,0.2,K562
SKNSH_f02_s52,0.2,0,104142973,60714,60713,104142973,697233715,174308429,871542144,frip,52,0.2,SKNSH
HEPG2_f02_s7,0.2,0,69784976,25043,25034,69784976,454695021,113673755,568368776,frip,7,0.2,HEPG2
HEPG2_f02_s88,0.2,0,69784976,25043,25036,69784976,454695021,113673755,568368776,frip,88,0.2,HEPG2
MCF7_f02_s27,0.2,0,61717582,32303,32295,61717582,411746319,102936580,514682899,frip,27,0.2,MCF7
MCF7_f02_s59,0.2,0,61717582,32303,32296,61717582,411746319,102936580,514682899,frip,59,0.2,MCF7
HEPG2_f02_s75,0.2,0,69784976,25043,25032,69784976,454695021,113673755,568368776,frip,75,0.2,HEPG2
K562_f02_s53,0.2,0,92727394,48060,48058,92727394,514801538,128700384,643501922,frip,53,0.2,K562
GM12878_f02_s49,0.2,0,138858936,30246,30131,138858936,585584726,146396182,731980908,frip,49,0.2,GM12878
MCF7_f02_s49,0.2,0,61717582,32303,32294,61717582,411746319,102936580,514682899,frip,49,0.2,MCF7
GM12878_f02_s76,0.2,0,138858936,30246,30146,138858936,585584726,146396182,731980908,frip,76,0.2,GM12878
GM12878_f02_s42,0.2,0,138858936,30246,30142,138858936,585584726,146396182,731980908,frip,42,0.2,GM12878
K562_f02_s33,0.2,0,92727394,48060,48058,92727394,514801538,128700384,643501922,frip,33,0.2,K562
SKNSH_f02_s88,0.2,0,104142973,60714,60712,104142973,697233715,174308429,871542144,frip,88,0.2,SKNSH
SKNSH_f035_s44,0.35,0,180109683,60714,60714,180109683,517124032,278451402,795575434,frip,44,0.35,SKNSH
HEPG2_f035_s1,0.35,0,113985949,25043,25043,113985949,340709072,183458731,524167803,frip,1,0.35,HEPG2
GM12878_f035_s83,0.35,0,55825221,30246,28777,55825221,529759505,285255118,815014623,frip,83,0.35,GM12878
K562_f035_s96,0.35,0,103578522,48060,48059,103578522,411223016,221427778,632650794,frip,96,0.35,K562
HEPG2_f035_s15,0.35,0,113985949,25043,25043,113985949,340709072,183458731,524167803,frip,15,0.35,HEPG2
K562_f035_s18,0.35,0,103578522,48060,48060,103578522,411223016,221427778,632650794,frip,18,0.35,K562
MCF7_f035_s26,0.35,0,105960018,32303,32303,105960018,305786301,164654162,470440463,frip,26,0.35,MCF7
GM12878_f035_s87,0.35,0,55825221,30246,28792,55825221,529759505,285255118,815014623,frip,87,0.35,GM12878
SKNSH_f035_s99,0.35,0,180109683,60714,60714,180109683,517124032,278451402,795575434,frip,99,0.35,SKNSH
HEPG2_f035_s73,0.35,0,113985949,25043,25043,113985949,340709072,183458731,524167803,frip,73,0.35,HEPG2
SKNSH_f035_s84,0.35,0,180109683,60714,60714,180109683,517124032,278451402,795575434,frip,84,0.35,SKNSH
GM12878_f035_s36,0.35,0,55825221,30246,28769,55825221,529759505,285255118,815014623,frip,36,0.35,GM12878
K562_f035_s49,0.35,0,103578522,48060,48060,103578522,411223016,221427778,632650794,frip,49,0.35,K562
MCF7_f035_s34,0.35,0,105960018,32303,32303,105960018,305786301,164654162,470440463,frip,34,0.35,MCF7
MCF7_f035_s36,0.35,0,105960018,32303,32303,105960018,305786301,164654162,470440463,frip,36,0.35,MCF7
HEPG2_f06_s42,0.6,0,332389200,25043,25043,332389200,122305821,183458731,305764552,frip,42,0.6,HEPG2
SKNSH_f06_s9,0.6,0,511599447,60714,60714,511599447,185634268,278451402,464085670,frip,9,0.6,SKNSH
K562_f06_s49,0.6,0,367183019,48060,48060,367183019,147618519,221427778,369046297,frip,49,0.6,K562
SKNSH_f06_s13,0.6,0,511599447,60714,60714,511599447,185634268,278451402,464085670,frip,13,0.6,SKNSH
MCF7_f06_s37,0.6,0,301976878,32303,32303,301976878,109769441,164654162,274423603,frip,37,0.6,MCF7
K562_f06_s32,0.6,0,367183019,48060,48060,367183019,147618519,221427778,369046297,frip,32,0.6,K562
HEPG2_f06_s67,0.6,0,332389200,25043,25043,332389200,122305821,183458731,305764552,frip,67,0.6,HEPG2
MCF7_f06_s78,0.6,0,301976878,32303,32303,301976878,109769441,164654162,274423603,frip,78,0.6,MCF7
K562_f06_s78,0.6,0,367183019,48060,48060,367183019,147618519,221427778,369046297,frip,78,0.6,K562
GM12878_f06_s13,0.6,0,395414647,30246,30246,395414647,190170079,285255118,475425197,frip,13,0.6,GM12878
GM12878_f06_s82,0.6,0,395414647,30246,30246,395414647,190170079,285255118,475425197,frip,82,0.6,GM12878
GM12878_f06_s35,0.6,0,395414647,30246,30246,395414647,190170079,285255118,475425197,frip,35,0.6,GM12878
HEPG2_f06_s96,0.6,0,332389200,25043,25043,332389200,122305821,183458731,305764552,frip,96,0.6,HEPG2
SKNSH_f06_s26,0.6,0,511599447,60714,60714,511599447,185634268,278451402,464085670,frip,26,0.6,SKNSH
MCF7_f06_s34,0.6,0,301976878,32303,32303,301976878,109769441,164654162,274423603,frip,34,0.6,MCF7
SKNSH_f005_s56,0.05,0,241754891,60714,60714,241754891,697233715,36696511,733930226,frip,56,0.05,SKNSH
HEPG2_f005_s76,0.05,0,159527414,25043,25042,159527414,454695021,23931317,478626338,frip,76,0.05,HEPG2
SKNSH_f005_s4,0.05,0,241754891,60714,60714,241754891,697233715,36696511,733930226,frip,4,0.05,SKNSH
HEPG2_f005_s95,0.05,0,159527414,25043,25042,159527414,454695021,23931317,478626338,frip,95,0.05,HEPG2
GM12878_f005_s91,0.05,0,254434869,30246,30235,254434869,585584726,30820249,616404975,frip,91,0.05,GM12878
SKNSH_f005_s86,0.05,0,241754891,60714,60713,241754891,697233715,36696511,733930226,frip,86,0.05,SKNSH
MCF7_f005_s76,0.05,0,142983303,32303,32302,142983303,411746319,21670859,433417178,frip,76,0.05,MCF7
GM12878_f005_s40,0.05,0,254434869,30246,30235,254434869,585584726,30820249,616404975,frip,40,0.05,GM12878
K562_f005_s74,0.05,0,194332960,48060,48058,194332960,514801538,27094818,541896356,frip,74,0.05,K562
MCF7_f005_s39,0.05,0,142983303,32303,32302,142983303,411746319,21670859,433417178,frip,39,0.05,MCF7
GM12878_f005_s21,0.05,0,254434869,30246,30234,254434869,585584726,30820249,616404975,frip,21,0.05,GM12878
MCF7_f005_s27,0.05,0,142983303,32303,32300,142983303,411746319,21670859,433417178,frip,27,0.05,MCF7
K562_f005_s45,0.05,0,194332960,48060,48060,194332960,514801538,27094818,541896356,frip,45,0.05,K562
K562_f005_s96,0.05,0,194332960,48060,48059,194332960,514801538,27094818,541896356,frip,96,0.05,K562
HEPG2_f005_s1,0.05,0,159527414,25043,25041,159527414,454695021,23931317,478626338,frip,1,0.05,HEPG2
SKNSH_f04_s34,0.4,0,279556612,60714,60714,279556612,417677103,278451402,696128505,frip,34,0.4,SKNSH
K562_f04_s7,0.4,0,182659871,48060,48060,182659871,332141667,221427778,553569445,frip,7,0.4,K562
K562_f04_s28,0.4,0,182659871,48060,48060,182659871,332141667,221427778,553569445,frip,28,0.4,K562
HEPG2_f04_s24,0.4,0,179506925,25043,25043,179506925,275188096,183458731,458646827,frip,24,0.4,HEPG2
MCF7_f04_s17,0.4,0,164765076,32303,32303,164765076,246981243,164654162,411635405,frip,17,0.4,MCF7
GM12878_f04_s50,0.4,0,157702049,30246,29943,157702049,427882677,285255118,713137795,frip,50,0.4,GM12878
MCF7_f04_s33,0.4,0,164765076,32303,32303,164765076,246981243,164654162,411635405,frip,33,0.4,MCF7
K562_f04_s6,0.4,0,182659871,48060,48060,182659871,332141667,221427778,553569445,frip,6,0.4,K562
MCF7_f04_s97,0.4,0,164765076,32303,32303,164765076,246981243,164654162,411635405,frip,97,0.4,MCF7
GM12878_f04_s28,0.4,0,157702049,30246,29958,157702049,427882677,285255118,713137795,frip,28,0.4,GM12878
HEPG2_f04_s36,0.4,0,179506925,25043,25043,179506925,275188096,183458731,458646827,frip,36,0.4,HEPG2
HEPG2_f04_s68,0.4,0,179506925,25043,25043,179506925,275188096,183458731,458646827,frip,68,0.4,HEPG2
SKNSH_f04_s92,0.4,0,279556612,60714,60714,279556612,417677103,278451402,696128505,frip,92,0.4,SKNSH
SKNSH_f04_s61,0.4,0,279556612,60714,60714,279556612,417677103,278451402,696128505,frip,61,0.4,SKNSH
GM12878_f04_s52,0.4,0,157702049,30246,29954,157702049,427882677,285255118,713137795,frip,52,0.4,GM12878
SKNSH_f01_s29,0.1,0,200980989,60714,60714,200980989,697233715,77470413,774704128,frip,29,0.1,SKNSH
GM12878_f01_s40,0.1,0,220190148,30246,30235,220190148,585584726,65064970,650649696,frip,40,0.1,GM12878
K562_f01_s56,0.1,0,164227607,48060,48059,164227607,514801538,57200171,572001709,frip,56,0.1,K562
HEPG2_f01_s36,0.1,0,132937062,25043,25042,132937062,454695021,50521669,505216690,frip,36,0.1,HEPG2
K562_f01_s33,0.1,0,164227607,48060,48059,164227607,514801538,57200171,572001709,frip,33,0.1,K562
MCF7_f01_s31,0.1,0,118904571,32303,32300,118904571,411746319,45749591,457495910,frip,31,0.1,MCF7
MCF7_f01_s83,0.1,0,118904571,32303,32299,118904571,411746319,45749591,457495910,frip,83,0.1,MCF7
HEPG2_f01_s23,0.1,0,132937062,25043,25041,132937062,454695021,50521669,505216690,frip,23,0.1,HEPG2
MCF7_f01_s53,0.1,0,118904571,32303,32301,118904571,411746319,45749591,457495910,frip,53,0.1,MCF7
GM12878_f01_s2,0.1,0,220190148,30246,30233,220190148,585584726,65064970,650649696,frip,2,0.1,GM12878
K562_f01_s84,0.1,0,164227607,48060,48058,164227607,514801538,57200171,572001709,frip,84,0.1,K562
SKNSH_f01_s26,0.1,0,200980989,60714,60714,200980989,697233715,77470413,774704128,frip,26,0.1,SKNSH
GM12878_f01_s72,0.1,0,220190148,30246,30234,220190148,585584726,65064970,650649696,frip,72,0.1,GM12878
HEPG2_f01_s67,0.1,0,132937062,25043,25041,132937062,454695021,50521669,505216690,frip,67,0.1,HEPG2
SKNSH_f01_s10,0.1,0,200980989,60714,60714,200980989,697233715,77470413,774704128,frip,10,0.1,SKNSH
GM12878,0.328,,,30246,0,0,585584726,285255118,870839844,baseline,,,GM12878
MCF10A,0.293,,,6221,0,0,143773054,59474114,203247168,baseline,,,MCF10A
CALU3,0.293,,,3568,0,0,61029868,25278841,86308709,baseline,,,CALU3
IMR90,0.288,,,3243,0,0,38284999,15454436,53739435,baseline,,,IMR90
HEPG2,0.287,,,25043,0,0,454695021,183458731,638153752,baseline,,,HEPG2
K562,0.301,,,48060,0,0,514801538,221427778,736229316,baseline,,,K562
A549,0.231,,,25166,0,0,264151472,79286343,343437815,baseline,,,A549
PC9,0.321,,,7748,0,0,124704519,59066791,183771310,baseline,,,PC9
OCILY7,0.289,,,10398,0,0,142235360,57906976,200142336,baseline,,,OCILY7
SKNSH,0.285,,,60714,0,0,697233715,278451402,975685117,baseline,,,SKNSH
MCF7,0.286,,,32303,0,0,411746319,164654162,576400481,baseline,,,MCF7
MCF7_r1e8_s97,0.288,13,476400481,32290,32290,474493921,71153028,28846972,100000000,reads,97,100000000.0,MCF7
HEPG2_r1e8_s66,0.29,1,538153752,25042,25042,537901437,71018575,28981425,100000000,reads,66,100000000.0,HEPG2
SKNSH_r1e8_s21,0.29,134,875685117,60580,60580,862252903,70957672,29042328,100000000,reads,21,100000000.0,SKNSH
K562_r1e8_s19,0.306,4,636229316,48056,48056,635783798,69425898,30574102,100000000,reads,19,100000000.0,K562
HEPG2_r1e8_s65,0.29,1,538153752,25042,25042,537901437,71016749,28983251,100000000,reads,65,100000000.0,HEPG2
SKNSH_r1e8_s66,0.29,141,875685117,60573,60573,861635215,70953327,29046673,100000000,reads,66,100000000.0,SKNSH
K562_r1e8_s70,0.306,7,636229316,48053,48053,635490746,69424726,30575274,100000000,reads,70,100000000.0,K562
GM12878_r1e8_s87,0.317,448,770839844,29798,29798,392306389,68255101,31744899,100000000,reads,87,100000000.0,GM12878
MCF7_r1e8_s88,0.288,13,476400481,32290,32290,474509066,71159609,28840391,100000000,reads,88,100000000.0,MCF7
GM12878_r1e8_s5,0.317,450,770839844,29796,29796,392033533,68253910,31746090,100000000,reads,5,100000000.0,GM12878
SKNSH_r1e8_s71,0.29,132,875685117,60582,60582,862393686,70955772,29044228,100000000,reads,71,100000000.0,SKNSH
K562_r1e8_s68,0.306,5,636229316,48055,48055,635706955,69425634,30574366,100000000,reads,68,100000000.0,K562
HEPG2_r1e8_s92,0.29,1,538153752,25042,25042,537901437,71016112,28983888,100000000,reads,92,100000000.0,HEPG2
MCF7_r1e8_s17,0.288,14,476400481,32289,32289,474398028,71158257,28841743,100000000,reads,17,100000000.0,MCF7
GM12878_r1e8_s77,0.317,448,770839844,29798,29798,392312001,68253690,31746310,100000000,reads,77,100000000.0,GM12878
MCF7_r1e6_s89,0.282,19665,575400481,12638,12638,78728631,718085,281915,1000000,reads,89,1000000.0,MCF7
HEPG2_r1e6_s9,0.28,17271,637153752,7772,7772,50692831,719590,280410,1000000,reads,9,1000000.0,HEPG2
SKNSH_r1e6_s20,0.289,44117,974685117,16597,16597,83270606,710566,289434,1000000,reads,20,1000000.0,SKNSH
K562_r1e6_s95,0.301,32127,735229316,15933,15933,69918477,699199,300801,1000000,reads,95,1000000.0,K562
SKNSH_r1e6_s18,0.289,44147,974685117,16567,16567,82937792,711079,288921,1000000,reads,18,1000000.0,SKNSH
K562_r1e6_s37,0.301,32148,735229316,15912,15912,69690586,698889,301111,1000000,reads,37,1000000.0,K562
GM12878_r1e6_s18,0.314,16397,869839844,13849,13849,89222788,686420,313580,1000000,reads,18,1000000.0,GM12878
HEPG2_r1e6_s44,0.281,17324,637153752,7719,7719,49941799,719282,280718,1000000,reads,44,1000000.0,HEPG2
MCF7_r1e6_s75,0.283,19634,575400481,12669,12669,78978039,717383,282617,1000000,reads,75,1000000.0,MCF7
K562_r1e6_s63,0.301,32266,735229316,15794,15794,68696934,698971,301029,1000000,reads,63,1000000.0,K562
HEPG2_r1e6_s75,0.281,17339,637153752,7704,7704,49762872,719160,280840,1000000,reads,75,1000000.0,HEPG2
GM12878_r1e6_s46,0.314,16415,869839844,13831,13831,89006461,685667,314333,1000000,reads,46,1000000.0,GM12878
SKNSH_r1e6_s68,0.289,44136,974685117,16578,16578,83063863,711339,288661,1000000,reads,68,1000000.0,SKNSH
GM12878_r1e6_s83,0.313,16413,869839844,13833,13833,89109875,686598,313402,1000000,reads,83,1000000.0,GM12878
MCF7_r1e6_s67,0.282,19629,575400481,12674,12674,79085778,717702,282298,1000000,reads,67,1000000.0,MCF7
MCF7_r5e8_s83,0.286,0,76400481,32303,32303,76400481,356874735,143125265,500000000,reads,83,500000000.0,MCF7
HEPG2_r5e8_s59,0.288,0,138153752,25043,25043,138153752,355848042,144151958,500000000,reads,59,500000000.0,HEPG2
GM12878_r5e8_s14,0.32,0,370839844,30246,30241,370839844,339804406,160195594,500000000,reads,14,500000000.0,GM12878
MCF7_r5e8_s11,0.286,0,76400481,32303,32303,76400481,356881534,143118466,500000000,reads,11,500000000.0,MCF7
GM12878_r5e8_s15,0.32,0,370839844,30246,30239,370839844,339803853,160196147,500000000,reads,15,500000000.0,GM12878
SKNSH_r5e8_s14,0.287,0,475685117,60714,60714,475685117,356351682,143648318,500000000,reads,14,500000000.0,SKNSH
GM12878_r5e8_s57,0.32,0,370839844,30246,30238,370839844,339805039,160194961,500000000,reads,57,500000000.0,GM12878
K562_r5e8_s71,0.302,0,236229316,48060,48060,236229316,348873417,151126583,500000000,reads,71,500000000.0,K562
HEPG2_r5e8_s9,0.288,0,138153752,25043,25042,138153752,355847293,144152707,500000000,reads,9,500000000.0,HEPG2
SKNSH_r5e8_s69,0.287,0,475685117,60714,60714,475685117,356354282,143645718,500000000,reads,69,500000000.0,SKNSH
K562_r5e8_s63,0.302,0,236229316,48060,48060,236229316,348865628,151134372,500000000,reads,63,500000000.0,K562
SKNSH_r5e8_s32,0.287,0,475685117,60714,60714,475685117,356370695,143629305,500000000,reads,32,500000000.0,SKNSH
HEPG2_r5e8_s31,0.288,0,138153752,25043,25043,138153752,355853129,144146871,500000000,reads,31,500000000.0,HEPG2
K562_r5e8_s8,0.302,0,236229316,48060,48060,236229316,348871913,151128087,500000000,reads,8,500000000.0,K562
MCF7_r5e8_s38,0.286,0,76400481,32303,32303,76400481,356877264,143122736,500000000,reads,38,500000000.0,MCF7
GM12878_r1e7_s65,0.315,4724,860839844,25522,25522,277829820,6845725,3154275,10000000,reads,65,10000000.0,GM12878
MCF7_r1e7_s81,0.287,4453,566400481,27850,27850,337244984,7129552,2870448,10000000,reads,81,10000000.0,MCF7
MCF7_r1e7_s84,0.287,4443,566400481,27860,27860,337725697,7128877,2871123,10000000,reads,84,10000000.0,MCF7
HEPG2_r1e7_s79,0.283,3909,628153752,21134,21134,396093441,7171539,2828461,10000000,reads,79,10000000.0,HEPG2
GM12878_r1e7_s61,0.316,4733,860839844,25513,25513,277333872,6844136,3155864,10000000,reads,61,10000000.0,GM12878
SKNSH_r1e7_s33,0.291,12575,965685117,48139,48139,545310006,7087865,2912135,10000000,reads,33,10000000.0,SKNSH
SKNSH_r1e7_s84,0.291,12528,965685117,48186,48186,546632699,7087860,2912140,10000000,reads,84,10000000.0,SKNSH
HEPG2_r1e7_s61,0.283,3946,628153752,21097,21097,394383194,7171720,2828280,10000000,reads,61,10000000.0,HEPG2
K562_r1e7_s12,0.304,10990,726229316,37070,37070,359195702,6962503,3037497,10000000,reads,12,10000000.0,K562
GM12878_r1e7_s1,0.316,4746,860839844,25500,25500,277171126,6842215,3157785,10000000,reads,1,10000000.0,GM12878
MCF7_r1e7_s24,0.287,4425,566400481,27878,27878,338078731,7130833,2869167,10000000,reads,24,10000000.0,MCF7
K562_r1e7_s24,0.304,10965,726229316,37095,37095,359879097,6959267,3040733,10000000,reads,24,10000000.0,K562
K562_r1e7_s6,0.304,10909,726229316,37151,37151,360976025,6962926,3037074,10000000,reads,6,10000000.0,K562
SKNSH_r1e7_s34,0.291,12601,965685117,48113,48113,544987742,7088902,2911098,10000000,reads,34,10000000.0,SKNSH
HEPG2_r1e7_s62,0.283,3920,628153752,21123,21123,395578662,7171193,2828807,10000000,reads,62,10000000.0,HEPG2
HEPG2_r5e6_s55,0.281,8664,633153752,16379,16379,228380119,3595162,1404838,5000000,reads,55,5000000.0,HEPG2
GM12878_r5e6_s66,0.315,6930,865839844,23316,23316,226030969,3424517,1575483,5000000,reads,66,5000000.0,GM12878
SKNSH_r5e6_s7,0.29,23196,970685117,37518,37518,341621661,3548939,1451061,5000000,reads,7,5000000.0,SKNSH
HEPG2_r5e6_s21,0.281,8657,633153752,16386,16386,228677662,3593751,1406249,5000000,reads,21,5000000.0,HEPG2
GM12878_r5e6_s30,0.315,6941,865839844,23305,23305,225871004,3424125,1575875,5000000,reads,30,5000000.0,GM12878
K562_r5e6_s44,0.303,18098,731229316,29962,29962,228298088,3486007,1513993,5000000,reads,44,5000000.0,K562
K562_r5e6_s42,0.303,18062,731229316,29998,29998,228984865,3485622,1514378,5000000,reads,42,5000000.0,K562
HEPG2_r5e6_s92,0.281,8679,633153752,16364,16364,228133665,3593876,1406124,5000000,reads,92,5000000.0,HEPG2
SKNSH_r5e6_s75,0.29,23366,970685117,37348,37348,338744125,3549989,1450011,5000000,reads,75,5000000.0,SKNSH
MCF7_r5e6_s92,0.286,7732,571400481,24571,24571,257694478,3572335,1427665,5000000,reads,92,5000000.0,MCF7
SKNSH_r5e6_s25,0.29,23160,970685117,37554,37554,342423637,3549351,1450649,5000000,reads,25,5000000.0,SKNSH
MCF7_r5e6_s16,0.286,7785,571400481,24518,24518,256488452,3569433,1430567,5000000,reads,16,5000000.0,MCF7
GM12878_r5e6_s50,0.315,6912,865839844,23334,23334,226412785,3424002,1575998,5000000,reads,50,5000000.0,GM12878
K562_r5e6_s88,0.303,18052,731229316,30008,30008,229123570,3485704,1514296,5000000,reads,88,5000000.0,K562
MCF7_r5e6_s85,0.286,7814,571400481,24489,24489,255754234,3571921,1428079,5000000,reads,85,5000000.0,MCF7
MCF7_r5e7_s57,0.288,469,526400481,31834,31834,481886760,35578558,14421442,50000000,reads,57,50000000.0,MCF7
SKNSH_r5e7_s36,0.291,861,925685117,59853,59853,867486612,35439545,14560455,50000000,reads,36,50000000.0,SKNSH
SKNSH_r5e7_s41,0.291,833,925685117,59881,59881,868967914,35444755,14555245,50000000,reads,41,50000000.0,SKNSH
GM12878_r5e7_s79,0.317,634,820839844,29612,29612,424880111,34167892,15832108,50000000,reads,79,50000000.0,GM12878
GM12878_r5e7_s20,0.317,632,820839844,29614,29614,425098491,34163697,15836303,50000000,reads,20,50000000.0,GM12878
HEPG2_r5e7_s95,0.288,52,588153752,24991,24991,581402458,35577772,14422228,50000000,reads,95,50000000.0,HEPG2
MCF7_r5e7_s81,0.289,461,526400481,31842,31842,482651882,35571724,14428276,50000000,reads,81,50000000.0,MCF7
K562_r5e7_s87,0.306,309,686229316,47751,47751,666128136,34711725,15288275,50000000,reads,87,50000000.0,K562
SKNSH_r5e7_s42,0.291,882,925685117,59832,59832,866462474,35436583,14563417,50000000,reads,42,50000000.0,SKNSH
MCF7_r5e7_s21,0.288,466,526400481,31837,31837,482145343,35575489,14424511,50000000,reads,21,50000000.0,MCF7
GM12878_r5e7_s72,0.317,654,820839844,29592,29592,423322528,34164442,15835558,50000000,reads,72,50000000.0,GM12878
K562_r5e7_s35,0.306,294,686229316,47766,47766,666976224,34709703,15290297,50000000,reads,35,50000000.0,K562
HEPG2_r5e7_s76,0.288,46,588153752,24997,24997,582131573,35578383,14421617,50000000,reads,76,50000000.0,HEPG2
K562_r5e7_s68,0.306,304,686229316,47756,47756,666395593,34712646,15287354,50000000,reads,68,50000000.0,K562
HEPG2_r5e7_s39,0.288,50,588153752,24993,24993,581650924,35578021,14421979,50000000,reads,39,50000000.0,HEPG2
HEPG2_c2500_s58,0.288,22543,575572375,2500,0,0,44566781,18014596,62581377,cells,58,2500.0,HEPG2
SKNSH_c2500_s15,0.285,58214,935132368,2500,0,0,28977844,11574905,40552749,cells,15,2500.0,SKNSH
MCF7_c2500_s42,0.286,29803,531677859,2500,0,0,31945007,12777615,44722622,cells,42,2500.0,MCF7
SKNSH_c2500_s62,0.285,58214,935562132,2500,0,0,28703323,11419662,40122985,cells,62,2500.0,SKNSH
GM12878_c2500_s21,0.327,27746,796513045,2500,0,0,50037572,24289227,74326799,cells,21,2500.0,GM12878
SKNSH_c2500_s41,0.285,58214,935909556,2500,0,0,28426168,11349393,39775561,cells,41,2500.0,SKNSH
HEPG2_c2500_s25,0.288,22543,572820543,2500,0,0,46523304,18809905,65333209,cells,25,2500.0,HEPG2
K562_c2500_s61,0.301,45560,697433928,2500,0,0,27101218,11694170,38795388,cells,61,2500.0,K562
K562_c2500_s58,0.301,45560,698391974,2500,0,0,26452430,11384912,37837342,cells,58,2500.0,K562
GM12878_c2500_s80,0.332,27746,784443544,2500,0,0,57729755,28666545,86396300,cells,80,2500.0,GM12878
HEPG2_c2500_s5,0.289,22543,574477824,2500,0,0,45256030,18419898,63675928,cells,5,2500.0,HEPG2
MCF7_c2500_s87,0.285,29803,531781951,2500,0,0,31920919,12697611,44618530,cells,87,2500.0,MCF7
MCF7_c2500_s91,0.285,29803,532659239,2500,0,0,31255957,12485285,43741242,cells,91,2500.0,MCF7
K562_c2500_s3,0.301,45560,697353440,2500,0,0,27172714,11703162,38875876,cells,3,2500.0,K562
GM12878_c2500_s95,0.324,27746,805640817,2500,0,0,44049928,21149099,65199027,cells,95,2500.0,GM12878
K562_c30000_s60,0.301,18060,276944982,30000,0,0,321110450,138173884,459284334,cells,60,30000.0,K562
MCF7_c30000_s12,0.286,2303,40020754,30000,0,0,383212521,153167206,536379727,cells,12,30000.0,MCF7
MCF7_c30000_s84,0.286,2303,41093086,30000,0,0,382323790,152983605,535307395,cells,84,30000.0,MCF7
K562_c30000_s90,0.301,18060,275904525,30000,0,0,321798165,138526626,460324791,cells,90,30000.0,K562
SKNSH_c30000_s46,0.286,30714,494596530,30000,0,0,343711839,137376748,481088587,cells,46,30000.0,SKNSH
MCF7_c30000_s90,0.286,2303,41669915,30000,0,0,381920520,152810046,534730566,cells,90,30000.0,MCF7
SKNSH_c30000_s87,0.285,30714,494074141,30000,0,0,344210689,137400287,481610976,cells,87,30000.0,SKNSH
GM12878_c30000_s89,0.328,246,5945194,30000,0,0,581553603,283341047,864894650,cells,89,30000.0,GM12878
GM12878_c30000_s63,0.328,246,9003056,30000,0,0,579555852,282280936,861836788,cells,63,30000.0,GM12878
SKNSH_c30000_s41,0.285,30714,494175432,30000,0,0,344207333,137302352,481509685,cells,41,30000.0,SKNSH
K562_c30000_s85,0.301,18060,277247667,30000,0,0,320753116,138228533,458981649,cells,85,30000.0,K562
GM12878_c30000_s40,0.328,246,4666165,30000,0,0,582421054,283752625,866173679,cells,40,30000.0,GM12878
SKNSH_c50000_s23,0.285,10714,171347455,50000,0,0,574699693,229637969,804337662,cells,23,50000.0,SKNSH
SKNSH_c50000_s80,0.285,10714,172456827,50000,0,0,574034726,229193564,803228290,cells,80,50000.0,SKNSH
SKNSH_c50000_s79,0.285,10714,170069654,50000,0,0,575746463,229869000,805615463,cells,79,50000.0,SKNSH
SKNSH_c40000_s10,0.286,20714,333545325,40000,0,0,458749364,183390428,642139792,cells,10,40000.0,SKNSH
K562_c40000_s71,0.301,8060,123560376,40000,0,0,428451800,184217140,612668940,cells,71,40000.0,K562
K562_c40000_s7,0.301,8060,123536125,40000,0,0,428380106,184313085,612693191,cells,7,40000.0,K562
SKNSH_c40000_s91,0.285,20714,332486321,40000,0,0,459715335,183483461,643198796,cells,91,40000.0,SKNSH
K562_c40000_s73,0.301,8060,122402990,40000,0,0,429218685,184607641,613826326,cells,73,40000.0,K562
SKNSH_c40000_s70,0.285,20714,334334693,40000,0,0,458300250,183050174,641350424,cells,70,40000.0,SKNSH
GM12878_c1000_s44,0.329,29246,842777745,1000,0,0,18837828,9224271,28062099,cells,44,1000.0,GM12878
MCF7_c1000_s25,0.285,31303,558805724,1000,0,0,12573744,5021013,17594757,cells,25,1000.0,MCF7
GM12878_c1000_s48,0.324,29246,849769252,1000,0,0,14240995,6829597,21070592,cells,48,1000.0,GM12878
K562_c1000_s7,0.301,47060,720667614,1000,0,0,10875110,4686592,15561702,cells,7,1000.0,K562
SKNSH_c1000_s94,0.286,59714,959323840,1000,0,0,11679948,4681329,16361277,cells,94,1000.0,SKNSH
K562_c1000_s52,0.302,47060,720810621,1000,0,0,10764515,4654180,15418695,cells,52,1000.0,K562
HEPG2_c1000_s42,0.286,24043,613017690,1000,0,0,17959466,7176596,25136062,cells,42,1000.0,HEPG2
K562_c1000_s48,0.3,47060,721394658,1000,0,0,10384757,4449901,14834658,cells,48,1000.0,K562
HEPG2_c1000_s81,0.288,24043,612598893,1000,0,0,18205364,7349495,25554859,cells,81,1000.0,HEPG2
GM12878_c1000_s4,0.32,29246,849785087,1000,0,0,14319133,6735624,21054757,cells,4,1000.0,GM12878
SKNSH_c1000_s78,0.284,59714,959423968,1000,0,0,11638686,4622463,16261149,cells,78,1000.0,SKNSH
MCF7_c1000_s99,0.285,31303,558925276,1000,0,0,12500542,4974663,17475205,cells,99,1000.0,MCF7
HEPG2_c1000_s79,0.287,24043,612443435,1000,0,0,18320689,7389628,25710317,cells,79,1000.0,HEPG2
SKNSH_c1000_s42,0.284,59714,959446328,1000,0,0,11622297,4616492,16238789,cells,42,1000.0,SKNSH
MCF7_c1000_s4,0.283,31303,557920383,1000,0,0,13246950,5233148,18480098,cells,4,1000.0,MCF7
SKNSH_c10000_s1,0.285,50714,815347143,10000,0,0,114631592,45706382,160337974,cells,1,10000.0,SKNSH
MCF7_c10000_s56,0.285,22303,398635180,10000,0,0,127025010,50740291,177765301,cells,56,10000.0,MCF7
GM12878_c10000_s90,0.329,20246,584608191,10000,0,0,192109886,94121767,286231653,cells,90,10000.0,GM12878
GM12878_c10000_s14,0.326,20246,577754214,10000,0,0,197517430,95568200,293085630,cells,14,10000.0,GM12878
SKNSH_c10000_s37,0.285,50714,814241964,10000,0,0,115393355,46049798,161443153,cells,37,10000.0,SKNSH
GM12878_c10000_s17,0.327,20246,570287343,10000,0,0,202181455,98371046,300552501,cells,17,10000.0,GM12878
K562_c10000_s76,0.301,38060,583173381,10000,0,0,107010146,46045789,153055935,cells,76,10000.0,K562
K562_c10000_s21,0.3,38060,582654262,10000,0,0,107431339,46143715,153575054,cells,21,10000.0,K562
HEPG2_c10000_s65,0.287,15043,385154589,10000,0,0,180265553,72733610,252999163,cells,65,10000.0,HEPG2
HEPG2_c10000_s5,0.288,15043,382991285,10000,0,0,181735501,73426966,255162467,cells,5,10000.0,HEPG2
SKNSH_c10000_s19,0.285,50714,814308761,10000,0,0,115341634,46034722,161376356,cells,19,10000.0,SKNSH
MCF7_c10000_s84,0.286,22303,395909776,10000,0,0,128918264,51572441,180490705,cells,84,10000.0,MCF7
K562_c10000_s2,0.301,38060,583004565,10000,0,0,107138220,46086531,153224751,cells,2,10000.0,K562
MCF7_c10000_s17,0.286,22303,396740408,10000,0,0,128240348,51419725,179660073,cells,17,10000.0,MCF7
HEPG2_c10000_s46,0.288,15043,383335913,10000,0,0,181415909,73401930,254817839,cells,46,10000.0,HEPG2
MCF7_c5000_s55,0.286,27303,484689494,5000,0,0,65482874,26228113,91710987,cells,55,5000.0,MCF7
GM12878_c5000_s48,0.326,25246,738995114,5000,0,0,88802168,43042562,131844730,cells,48,5000.0,GM12878
GM12878_c5000_s33,0.326,25246,719820541,5000,0,0,101803608,49215695,151019303,cells,33,5000.0,GM12878
SKNSH_c5000_s35,0.286,55714,896490184,5000,0,0,56540885,22654048,79194933,cells,35,5000.0,SKNSH
SKNSH_c5000_s15,0.285,55714,894842211,5000,0,0,57770639,23072267,80842906,cells,15,5000.0,SKNSH
HEPG2_c5000_s39,0.287,20043,511101262,5000,0,0,90598055,36454435,127052490,cells,39,5000.0,HEPG2
SKNSH_c5000_s13,0.286,55714,896017335,5000,0,0,56877014,22790768,79667782,cells,13,5000.0,SKNSH
K562_c5000_s6,0.301,43060,660208999,5000,0,0,53162081,22858236,76020317,cells,6,5000.0,K562
HEPG2_c5000_s73,0.288,20043,511093542,5000,0,0,90474590,36585620,127060210,cells,73,5000.0,HEPG2
MCF7_c5000_s92,0.285,27303,487058845,5000,0,0,63883033,25458603,89341636,cells,92,5000.0,MCF7
K562_c5000_s99,0.302,43060,661284139,5000,0,0,52340251,22604926,74945177,cells,99,5000.0,K562
HEPG2_c5000_s31,0.286,20043,511933451,5000,0,0,90089001,36131300,126220301,cells,31,5000.0,HEPG2
K562_c5000_s63,0.301,43060,658842531,5000,0,0,54070627,23316158,77386785,cells,63,5000.0,K562
GM12878_c5000_s18,0.327,25246,736877431,5000,0,0,90098692,43863721,133962413,cells,18,5000.0,GM12878
MCF7_c5000_s3,0.286,27303,485105702,5000,0,0,65200338,26094441,91294779,cells,3,5000.0,MCF7
K562_c20000_s85,0.301,28060,429536259,20000,0,0,214364473,92328584,306693057,cells,85,20000.0,K562
K562_c20000_s19,0.3,28060,428117165,20000,0,0,215539311,92572840,308112151,cells,19,20000.0,K562
GM12878_c20000_s71,0.329,10246,299504989,20000,0,0,383511469,187823386,571334855,cells,71,20000.0,GM12878
HEPG2_c20000_s92,0.287,5043,126392814,20000,0,0,364704051,147056887,511760938,cells,92,20000.0,HEPG2
MCF7_c20000_s14,0.286,12303,219847108,20000,0,0,254644789,101908584,356553373,cells,14,20000.0,MCF7
SKNSH_c20000_s79,0.285,40714,653193036,20000,0,0,230459169,92032912,322492081,cells,79,20000.0,SKNSH
HEPG2_c20000_s21,0.288,5043,128978964,20000,0,0,362768293,146406495,509174788,cells,21,20000.0,HEPG2
HEPG2_c20000_s20,0.287,5043,129190664,20000,0,0,362669800,146293288,508963088,cells,20,20000.0,HEPG2
SKNSH_c20000_s65,0.285,40714,654080029,20000,0,0,229972330,91632758,321605088,cells,65,20000.0,SKNSH
SKNSH_c20000_s36,0.286,40714,656729670,20000,0,0,227882895,91072552,318955447,cells,36,20000.0,SKNSH
MCF7_c20000_s6,0.286,12303,219922013,20000,0,0,254619002,101859466,356478468,cells,6,20000.0,MCF7
GM12878_c20000_s9,0.328,10246,292937652,20000,0,0,388499591,189402601,577902192,cells,9,20000.0,GM12878
K562_c20000_s97,0.301,28060,428962195,20000,0,0,214902413,92364708,307267121,cells,97,20000.0,K562
GM12878_c20000_s50,0.327,10246,317640377,20000,0,0,372545127,180654340,553199467,cells,50,20000.0,GM12878
MCF7_c20000_s23,0.286,12303,220687277,20000,0,0,254084527,101628677,355713204,cells,23,20000.0,MCF7
HEPG2_c7500_s60,0.287,17543,445614502,7500,0,0,137351139,55188111,192539250,cells,60,7500.0,HEPG2
GM12878_c7500_s55,0.328,22746,643469265,7500,0,0,152886489,74484090,227370579,cells,55,7500.0,GM12878
SKNSH_c7500_s95,0.285,53214,853828098,7500,0,0,87099198,34757821,121857019,cells,95,7500.0,SKNSH
SKNSH_c7500_s15,0.286,53214,854479196,7500,0,0,86577967,34627954,121205921,cells,15,7500.0,SKNSH
HEPG2_c7500_s41,0.287,17543,446450449,7500,0,0,136667852,55035451,191703303,cells,41,7500.0,HEPG2
K562_c7500_s80,0.3,40560,622452208,7500,0,0,79592897,34184211,113777108,cells,80,7500.0,K562
GM12878_c7500_s56,0.328,22746,647880053,7500,0,0,149829454,73130337,222959791,cells,56,7500.0,GM12878
K562_c7500_s50,0.301,40560,621982263,7500,0,0,79881714,34365339,114247053,cells,50,7500.0,K562
MCF7_c7500_s56,0.285,24803,443981360,7500,0,0,94626317,37792804,132419121,cells,56,7500.0,MCF7
HEPG2_c7500_s65,0.288,17543,448813717,7500,0,0,134898902,54441133,189340035,cells,65,7500.0,HEPG2
MCF7_c7500_s62,0.287,24803,442814129,7500,0,0,95279424,38306928,133586352,cells,62,7500.0,MCF7
SKNSH_c7500_s90,0.286,53214,855471732,7500,0,0,85838674,34374711,120213385,cells,90,7500.0,SKNSH
MCF7_c7500_s79,0.285,24803,441200287,7500,0,0,96641740,38558454,135200194,cells,79,7500.0,MCF7
K562_c7500_s44,0.299,40560,622293611,7500,0,0,79849688,34086017,113935705,cells,44,7500.0,K562
GM12878_c7500_s39,0.327,22746,637714670,7500,0,0,156869879,76255295,233125174,cells,39,7500.0,GM12878
